insert into departments (did, dname) values (0, 'Previously Employed');
insert into departments (did, dname) values (1, 'Research and Development');
insert into departments (did, dname) values (2, 'Finance & Accounting');
insert into departments (did, dname) values (3, 'Human Resources');
insert into departments (did, dname) values (4, 'Information Technology');
insert into departments (did, dname) values (5, 'Operations');
insert into departments (did, dname) values (6, 'Production & Manufacturing');
insert into departments (did, dname) values (7, 'Security');
insert into departments (did, dname) values (8, 'Sales & Marketing');
insert into departments (did, dname) values (9, 'Customer Service');
insert into departments (did, dname) values (10, 'Legal');

insert into employees (ename, email, resigned_date, did, contact, home_contact, office_contact) values ('Sherlock Hallibone',null, null, 10, 95508558,67997854,61022049);
insert into employees (ename, email, resigned_date, did, contact, home_contact, office_contact) values ('Lexine Rollingson',null, null, 3, 83599237,67399614,60364666);
insert into employees (ename, email, resigned_date, did, contact, home_contact, office_contact) values ('Crysta Hovard',null,null, 3, 86198664,65052505,60390906);
insert into employees (ename, email, resigned_date, did, contact, home_contact, office_contact) values ('Ketti Costellow',null, null, 8, 80360632,64009631,60821344);
insert into employees (ename, email, resigned_date, did, contact, home_contact, office_contact) values ('Odele Castano',null, null, 3, 86680403,62393189,60340627);
insert into employees (ename, email, resigned_date, did, contact, home_contact, office_contact) values ('Aditya Banerjee',null, null, 3, 88053051,65511144,60346275);
insert into employees (ename, email, resigned_date, did, contact, home_contact, office_contact) values ('Hagen Casin',null, null, 9, 86644368,61233827,60949120);
insert into employees (ename, email, resigned_date, did, contact, home_contact, office_contact) values ('Rafferty Eubank',null, null, 4, 80037756,64674318,60435886);
insert into employees (ename, email, resigned_date, did, contact, home_contact, office_contact) values ('Arlen Coultous',null, null, 6, 84396287,61405675,60629608);
insert into employees (ename, email, resigned_date, did, contact, home_contact, office_contact) values ('Elfrieda Clendening',null, null, 6, 83620502,62772297,60688726);
insert into employees (ename, email, resigned_date, did, contact, home_contact, office_contact) values ('Tracie Skoyles',null, null, 4, 90347763,69459580,60438102);
insert into employees (ename, email, resigned_date, did, contact, home_contact, office_contact) values ('Umeko Forsyth',null, null, 9, 87229482,65617813,60996550);
insert into employees (ename, email, resigned_date, did, contact, home_contact, office_contact) values ('Josy Long',null, null, 5, 90026598,65992876,60509424);
insert into employees (ename, email, resigned_date, did, contact, home_contact, office_contact) values ('Gauthier Jandourek',null, null, 3, 93538026,61727758,60340840);
insert into employees (ename, email, resigned_date, did, contact, home_contact, office_contact) values ('Danie Vallens',null, null, 5, 96377129,64066415,60505755);
insert into employees (ename, email, resigned_date, did, contact, home_contact, office_contact) values ('Mathilde Tathacott',null, null, 7, 90578277,67835018,60727301);
insert into employees (ename, email, resigned_date, did, contact, home_contact, office_contact) values ('Florance Ivanisov',null, null, 3, 92000605,68292717,60330904);
insert into employees (ename, email, resigned_date, did, contact, home_contact, office_contact) values ('Cobb Ferrick',null, null, 1, 92490521,63255434,60145822);
insert into employees (ename, email, resigned_date, did, contact, home_contact, office_contact) values ('Goh Pei Zhi',null, null, 7, 82238997,62412804,60739029);
insert into employees (ename, email, resigned_date, did, contact, home_contact, office_contact) values ('Tiff Clinkard',null, null, 4, 91937531,67430360,60468748);
insert into employees (ename, email, resigned_date, did, contact, home_contact, office_contact) values ('Adelaide Langlands',null, '2021-11-03', 0, 80580970,67597107,60304063);
insert into employees (ename, email, resigned_date, did, contact, home_contact, office_contact) values ('Latia Howarth',null, null, 7, 99970190,69369345,60767417);
insert into employees (ename, email, resigned_date, did, contact, home_contact, office_contact) values ('Catharina Lampard',null, null, 9, 88822537,68806332,60995484);
insert into employees (ename, email, resigned_date, did, contact, home_contact, office_contact) values ('Verney Yurkin',null, null, 5, 80331098,67838491,60574287);
insert into employees (ename, email, resigned_date, did, contact, home_contact, office_contact) values ('Bernelle Farans',null, null, 5, 83027925,68000127,60536479);
insert into employees (ename, email, resigned_date, did, contact, home_contact, office_contact) values ('Barry Gardiner',null, null, 4, 84047059,68098480,60466667);
insert into employees (ename, email, resigned_date, did, contact, home_contact, office_contact) values ('Trever Yokley',null, null, 6, 80384085,69857437,60698830);
insert into employees (ename, email, resigned_date, did, contact, home_contact, office_contact) values ('Berti Jeff',null, null, 7, 80404809,69226271,60797870);
insert into employees (ename, email, resigned_date, did, contact, home_contact, office_contact) values ('Case Marshalleck',null, null, 4, 89213321,63269974,60470044);
insert into employees (ename, email, resigned_date, did, contact, home_contact, office_contact) values ('Gray Shattock',null, null, 2, 83988748,63766483,60265977);
insert into employees (ename, email, resigned_date, did, contact, home_contact, office_contact) values ('Martyn Zisneros',null, null, 2, 84535283,62739261,60213379);
insert into employees (ename, email, resigned_date, did, contact, home_contact, office_contact) values ('Si Pinkett',null, null, 4, 82223268,62568374,60494598);
insert into employees (ename, email, resigned_date, did, contact, home_contact, office_contact) values ('Matt Fattorini',null, null, 7, 98817572,66760211,60767231);
insert into employees (ename, email, resigned_date, did, contact, home_contact, office_contact) values ('Ebeneser Gilardone',null, null, 2, 92235934,66231603,60286484);
insert into employees (ename, email, resigned_date, did, contact, home_contact, office_contact) values ('Sharia McColl',null, null, 5, 88252194,64436743,60598695);
insert into employees (ename, email, resigned_date, did, contact, home_contact, office_contact) values ('Meghann Iacovolo',null, null, 7, 84907512,63276902,60779858);
insert into employees (ename, email, resigned_date, did, contact, home_contact, office_contact) values ('Devy Bellenger',null, null, 9, 99113184,69324446,60968613);
insert into employees (ename, email, resigned_date, did, contact, home_contact, office_contact) values ('Antonietta Milbank',null, null, 8, 87938077,66869017,60825080);
insert into employees (ename, email, resigned_date, did, contact, home_contact, office_contact) values ('Ian Chan',null, null, 4, 82201635,65796716,60420213);
insert into employees (ename, email, resigned_date, did, contact, home_contact, office_contact) values ('Hi Hunton',null, null, 8, 91189793,69636564,60867916);
insert into employees (ename, email, resigned_date, did, contact, home_contact, office_contact) values ('Tiphanie Ellery',null, null, 4, 85227199,63276047,60402100);
insert into employees (ename, email, resigned_date, did, contact, home_contact, office_contact) values ('Galen Cheung',null, null, 9, 96766704,64868510,60962675);
insert into employees (ename, email, resigned_date, did, contact, home_contact, office_contact) values ('Mirabella Goodhay',null, null, 10, 98489162,66406281,61046641);
insert into employees (ename, email, resigned_date, did, contact, home_contact, office_contact) values ('Ardyth Garmans',null, null, 7, 99668622,69979485,60700579);
insert into employees (ename, email, resigned_date, did, contact, home_contact, office_contact) values ('Allin Barnby',null, null, 10, 90543434,69138084,61028741);
insert into employees (ename, email, resigned_date, did, contact, home_contact, office_contact) values ('Tommie Fould',null, '2021-11-11', 2, 86972033,69128357,60262803);
insert into employees (ename, email, resigned_date, did, contact, home_contact, office_contact) values ('Judah Bryers',null, null, 5, 81618696,65667038,60593989);
insert into employees (ename, email, resigned_date, did, contact, home_contact, office_contact) values ('Shaylah Mathevon',null, null, 10, 91075667,68432442,61070258);
insert into employees (ename, email, resigned_date, did, contact, home_contact, office_contact) values ('Willard Moult',null, null, 9, 97482776,61847539,60956670);
insert into employees (ename, email, resigned_date, did, contact, home_contact, office_contact) values ('Katerina Rennock',null, null, 7, 82721675,64638866,60774091);
insert into employees (ename, email, resigned_date, did, contact, home_contact, office_contact) values ('Lilla Gibling',null, '2021-11-17', 4, 89440904,61806513,60494481);
insert into employees (ename, email, resigned_date, did, contact, home_contact, office_contact) values ('Yoshi Wingham',null, null, 1, 82878776,61584521,60192740);
insert into employees (ename, email, resigned_date, did, contact, home_contact, office_contact) values ('Darla Snowdon',null, null, 5, 99669654,69573041,60545147);
insert into employees (ename, email, resigned_date, did, contact, home_contact, office_contact) values ('Lutero Cosslett',null, null, 9, 89061419,64051839,60977711);
insert into employees (ename, email, resigned_date, did, contact, home_contact, office_contact) values ('Charissa Reburn',null, null, 2, 92374605,62394981,60252609);
insert into employees (ename, email, resigned_date, did, contact, home_contact, office_contact) values ('Alanna Whife',null, null, 2, 81071606,63792549,60234972);
insert into employees (ename, email, resigned_date, did, contact, home_contact, office_contact) values ('Luce Milburne',null, null, 2, 92783746,61170693,60244788);
insert into employees (ename, email, resigned_date, did, contact, home_contact, office_contact) values ('Ralina Hindhaugh',null, null, 1, 88305114,66787994,60142754);
insert into employees (ename, email, resigned_date, did, contact, home_contact, office_contact) values ('Adey Eke',null, null, 5, 81582938,68454339,60555419);
insert into employees (ename, email, resigned_date, did, contact, home_contact, office_contact) values ('Audry Luthwood',null, null, 6, 90300408,66652059,60620812);
insert into employees (ename, email, resigned_date, did, contact, home_contact, office_contact) values ('Hildegarde Drackford',null, null, 8, 97792595,69217462,60849462);
insert into employees (ename, email, resigned_date, did, contact, home_contact, office_contact) values ('Dorie Castilljo',null, null, 10, 81988355,69448741,61082465);
insert into employees (ename, email, resigned_date, did, contact, home_contact, office_contact) values ('Celestyn Lakey',null, null, 1, 93285619,65204671,60137485);
insert into employees (ename, email, resigned_date, did, contact, home_contact, office_contact) values ('Evvy Batham',null, null, 9, 93122775,63266861,60953614);
insert into employees (ename, email, resigned_date, did, contact, home_contact, office_contact) values ('Maurits Pinnock',null, null, 4, 98791404,61788865,60436644);
insert into employees (ename, email, resigned_date, did, contact, home_contact, office_contact) values ('Karolina Lynskey',null, null, 3, 85897638,69657789,60321600);
insert into employees (ename, email, resigned_date, did, contact, home_contact, office_contact) values ('Norris Redferne',null, null, 6, 84745830,66146060,60623888);
insert into employees (ename, email, resigned_date, did, contact, home_contact, office_contact) values ('Erv Cutchey',null, null, 2, 97793388,67378560,60246166);
insert into employees (ename, email, resigned_date, did, contact, home_contact, office_contact) values ('Lucine Bagley',null, null, 7, 89348690,68935394,60794823);
insert into employees (ename, email, resigned_date, did, contact, home_contact, office_contact) values ('Annabelle Mandy',null, null, 2, 92991700,67041262,60236600);
insert into employees (ename, email, resigned_date, did, contact, home_contact, office_contact) values ('Agna Endle',null, null, 8, 98225619,61395146,60815412);
insert into employees (ename, email, resigned_date, did, contact, home_contact, office_contact) values ('Fanny Burgoine',null, null, 6, 91260526,67657668,60665988);
insert into employees (ename, email, resigned_date, did, contact, home_contact, office_contact) values ('Rik Galton',null, null, 1, 94735424,65488939,60111132);
insert into employees (ename, email, resigned_date, did, contact, home_contact, office_contact) values ('Franchot Sokale',null, null, 2, 80897197,67363479,60205121);
insert into employees (ename, email, resigned_date, did, contact, home_contact, office_contact) values ('Liza Ninnis',null, null, 3, 81873606,64023367,60343075);
insert into employees (ename, email, resigned_date, did, contact, home_contact, office_contact) values ('Orelee Gawthrope',null, null, 8, 86894844,68289672,60825045);
insert into employees (ename, email, resigned_date, did, contact, home_contact, office_contact) values ('Flossy Waycott',null, null, 8, 81156961,65091697,60877888);
insert into employees (ename, email, resigned_date, did, contact, home_contact, office_contact) values ('Frants Wake',null, null, 6, 97937094,62965000,60669660);
insert into employees (ename, email, resigned_date, did, contact, home_contact, office_contact) values ('Vasily Ashmore',null, null, 5, 89882343,63618874,60525110);
insert into employees (ename, email, resigned_date, did, contact, home_contact, office_contact) values ('Myrtice Busk',null, null, 8, 92421087,65964476,60894419);
insert into employees (ename, email, resigned_date, did, contact, home_contact, office_contact) values ('Ericka Matzel',null, null, 10, 81427787,66745395,61030139);
insert into employees (ename, email, resigned_date, did, contact, home_contact, office_contact) values ('Catherine Hodinton',null, null, 5, 87880226,62830046,60514537);
insert into employees (ename, email, resigned_date, did, contact, home_contact, office_contact) values ('Gerrard Abley',null, null, 8, 94800317,61737666,60832255);
insert into employees (ename, email, resigned_date, did, contact, home_contact, office_contact) values ('Levon Corona',null, null, 3, 95453357,68570698,60326474);
insert into employees (ename, email, resigned_date, did, contact, home_contact, office_contact) values ('Elsie Liquorish',null, null, 6, 91196413,68178611,60683298);
insert into employees (ename, email, resigned_date, did, contact, home_contact, office_contact) values ('Roz Bedward',null, null, 3, 84489902,64122010,60360188);
insert into employees (ename, email, resigned_date, did, contact, home_contact, office_contact) values ('Stephie Giannoni',null, null, 8, 85285499,61976974,60878947);
insert into employees (ename, email, resigned_date, did, contact, home_contact, office_contact) values ('Francisca Hamer',null, null, 8, 99722831,69038353,60888588);
insert into employees (ename, email, resigned_date, did, contact, home_contact, office_contact) values ('Yorker Crossgrove',null, null, 1, 84402288,67597060,60174329);
insert into employees (ename, email, resigned_date, did, contact, home_contact, office_contact) values ('My Penton',null, null, 4, 92520795,64011780,60457454);
insert into employees (ename, email, resigned_date, did, contact, home_contact, office_contact) values ('Lynda Corday',null, null, 1, 80839078,68846317,60183826);
insert into employees (ename, email, resigned_date, did, contact, home_contact, office_contact) values ('Corabelle Pilling',null, null, 1, 86561347,64906174,60114106);
insert into employees (ename, email, resigned_date, did, contact, home_contact, office_contact) values ('Brendan Wheatman',null, null, 6, 93838055,65970987,61001369);
insert into employees (ename, email, resigned_date, did, contact, home_contact, office_contact) values ('Corrie Moth',null, null, 8, 83719638,68058569,60854450);
insert into employees (ename, email, resigned_date, did, contact, home_contact, office_contact) values ('Riordan Hiddsley',null, null, 9, 84106698,69298762,60940703);
insert into employees (ename, email, resigned_date, did, contact, home_contact, office_contact) values ('Tiffi Muston',null, null, 7, 87844069,67072821,60720707);
insert into employees (ename, email, resigned_date, did, contact, home_contact, office_contact) values ('Livvyy Iskowicz', null, null, 1, 95892926,68451364,60117814);
insert into employees (ename, email, resigned_date, did, contact, home_contact, office_contact) values ('Stefano Goburn', null, null, 1, 90068674,66749187,60131841);
insert into employees (ename, email, resigned_date, did, contact, home_contact, office_contact) values ('Fleurette Piddle', null, null, 10, 82629121,66936361,61013364);
insert into employees (ename, email, resigned_date, did, contact, home_contact, office_contact) values ('Maryjane Blondell', null, null, 10, 98337467,66734728,61007660);

insert into juniors(eid) values ( 73 );
insert into juniors(eid) values ( 5 );
insert into juniors(eid) values ( 49 );
insert into juniors(eid) values ( 50 );
insert into juniors(eid) values ( 94 );
insert into juniors(eid) values ( 29 );
insert into juniors(eid) values ( 84 );
insert into juniors(eid) values ( 28 );
insert into juniors(eid) values ( 47 );
insert into juniors(eid) values ( 41 );
insert into juniors(eid) values ( 32 );
insert into juniors(eid) values ( 67 );
insert into juniors(eid) values ( 24 );
insert into juniors(eid) values ( 91 );
insert into juniors(eid) values ( 36 );
insert into juniors(eid) values ( 79 );
insert into juniors(eid) values ( 21 );
insert into juniors(eid) values ( 68 );
insert into juniors(eid) values ( 57 );
insert into juniors(eid) values ( 75 );
insert into juniors(eid) values ( 52 );
insert into juniors(eid) values ( 11 );
insert into juniors(eid) values ( 12 );
insert into juniors(eid) values ( 10 );
insert into juniors(eid) values ( 77 );
insert into juniors(eid) values ( 81 );
insert into juniors(eid) values ( 58 );
insert into juniors(eid) values ( 92 );
insert into juniors(eid) values ( 23 );
insert into juniors(eid) values ( 85 );
insert into juniors(eid) values ( 22 );
insert into juniors(eid) values ( 65 );
insert into juniors(eid) values ( 95 );
insert into juniors(eid) values ( 88 );
insert into juniors(eid) values ( 89 );
insert into juniors(eid) values ( 31 );
insert into juniors(eid) values ( 83 );
insert into juniors(eid) values ( 14 );
insert into juniors(eid) values ( 4 );
insert into juniors(eid) values ( 16 );
insert into juniors(eid) values ( 78 );
insert into juniors(eid) values ( 62 );
insert into juniors(eid) values ( 55 );
insert into juniors(eid) values ( 34 );
insert into juniors(eid) values ( 86 );
insert into juniors(eid) values ( 13 );
insert into juniors(eid) values ( 61 );
insert into juniors(eid) values ( 15 );
insert into juniors(eid) values ( 40 );
insert into juniors(eid) values ( 60 );

insert into Bookers(eid) values ( 1 );
insert into Bookers(eid) values ( 3 );
insert into Bookers(eid) values ( 6 );
insert into Bookers(eid) values ( 7 );
insert into Bookers(eid) values ( 8 );
insert into Bookers(eid) values ( 9 );
insert into Bookers(eid) values ( 17 );
insert into Bookers(eid) values ( 18 );
insert into Bookers(eid) values ( 19 );
insert into Bookers(eid) values ( 20 );
insert into Bookers(eid) values ( 2 );
insert into Bookers(eid) values ( 25 );
insert into Bookers(eid) values ( 26 );
insert into Bookers(eid) values ( 27 );
insert into Bookers(eid) values ( 30 );
insert into Bookers(eid) values ( 33 );
insert into Bookers(eid) values ( 35 );
insert into Bookers(eid) values ( 37 );
insert into Bookers(eid) values ( 38 );
insert into Bookers(eid) values ( 39 );
insert into Bookers(eid) values ( 42 );
insert into Bookers(eid) values ( 43 );
insert into Bookers(eid) values ( 44 );
insert into Bookers(eid) values ( 45 );
insert into Bookers(eid) values ( 46 );
insert into Bookers(eid) values ( 48 );
insert into Bookers(eid) values ( 51 );
insert into Bookers(eid) values ( 53 );
insert into Bookers(eid) values ( 54 );
insert into Bookers(eid) values ( 56 );
insert into Bookers(eid) values ( 59 );
insert into Bookers(eid) values ( 63 );
insert into Bookers(eid) values ( 64 );
insert into Bookers(eid) values ( 66 );
insert into Bookers(eid) values ( 69 );
insert into Bookers(eid) values ( 70 );
insert into Bookers(eid) values ( 71 );
insert into Bookers(eid) values ( 72 );
insert into Bookers(eid) values ( 74 );
insert into Bookers(eid) values ( 76 );
insert into Bookers(eid) values ( 80 );
insert into Bookers(eid) values ( 82 );
insert into Bookers(eid) values ( 87 );
insert into Bookers(eid) values ( 90 );
insert into Bookers(eid) values ( 93 );
insert into Bookers(eid) values ( 96 );
insert into Bookers(eid) values ( 97 );
insert into Bookers(eid) values ( 98 );
insert into Bookers(eid) values ( 99 );
insert into Bookers(eid) values ( 100 );

insert into Seniors(eid) values ( 1 );
insert into Seniors(eid) values ( 3 );
insert into Seniors(eid) values ( 7 );
insert into Seniors(eid) values ( 8 );
insert into Seniors(eid) values ( 9 );
insert into Seniors(eid) values ( 17 );
insert into Seniors(eid) values ( 18 );
insert into Seniors(eid) values ( 20 );
insert into Seniors(eid) values ( 2 );
insert into Seniors(eid) values ( 25 );
insert into Seniors(eid) values ( 26 );
insert into Seniors(eid) values ( 27 );
insert into Seniors(eid) values ( 30 );
insert into Seniors(eid) values ( 33 );
insert into Seniors(eid) values ( 35 );
insert into Seniors(eid) values ( 37 );
insert into Seniors(eid) values ( 38 );
insert into Seniors(eid) values ( 43 );
insert into Seniors(eid) values ( 44 );
insert into Seniors(eid) values ( 74 );
insert into Seniors(eid) values ( 48 );
insert into Seniors(eid) values ( 51 );
insert into Seniors(eid) values ( 53 );
insert into Seniors(eid) values ( 54 );
insert into Seniors(eid) values ( 56 );
insert into Seniors(eid) values ( 59 );
insert into Seniors(eid) values ( 64 );
insert into Seniors(eid) values ( 66 );
insert into Seniors(eid) values ( 69 );
insert into Seniors(eid) values ( 70 );
insert into Seniors(eid) values ( 71 );
insert into Seniors(eid) values ( 76 );
insert into Seniors(eid) values ( 87 );
insert into Seniors(eid) values ( 90 );
insert into Seniors(eid) values ( 93 );
insert into Seniors(eid) values ( 96 );
insert into Seniors(eid) values ( 97 );
insert into Seniors(eid) values ( 98 );
insert into Seniors(eid) values ( 99 );
insert into Seniors(eid) values ( 100 );

insert into Managers(eid) values ( 63 );
insert into Managers(eid) values ( 46 );
insert into Managers(eid) values ( 6 );
insert into Managers(eid) values ( 39 );
insert into Managers(eid) values ( 82 );
insert into Managers(eid) values ( 72 );
insert into Managers(eid) values ( 19 );
insert into Managers(eid) values ( 80 );
insert into Managers(eid) values ( 42 );
insert into Managers(eid) values ( 45 );

begin transaction;
insert into Meeting_Rooms (room, floor, rname, did) values (4, 2, 'Shentong', 1);
insert into Meeting_Rooms (room, floor, rname, did) values (2, 2, 'London', 1);
insert into Meeting_Rooms (room, floor, rname, did) values (1, 2, 'Warsaw', 1);
insert into Meeting_Rooms (room, floor, rname, did) values (6, 3, 'Sremčica', 2);
insert into Meeting_Rooms (room, floor, rname, did) values (1, 3, 'Manakara', 2);
insert into Meeting_Rooms (room, floor, rname, did) values (4, 3, 'Sikasso', 2);
insert into Meeting_Rooms (room, floor, rname, did) values (5, 4, 'Yeosu', 3);
insert into Meeting_Rooms (room, floor, rname, did) values (4, 4, 'California', 3);
insert into Meeting_Rooms (room, floor, rname, did) values (3, 4, 'Bethanie', 3);
insert into Meeting_Rooms (room, floor, rname, did) values (7, 5, 'Paris', 4);
insert into Meeting_Rooms (room, floor, rname, did) values (6, 5, 'Jarkarta', 4);
insert into Meeting_Rooms (room, floor, rname, did) values (4, 5, 'Täby', 4);
insert into Meeting_Rooms (room, floor, rname, did) values (4, 6, 'Xinhua', 5);
insert into Meeting_Rooms (room, floor, rname, did) values (3, 6, 'Taipei', 5);
insert into Meeting_Rooms (room, floor, rname, did) values (5, 6, 'Jinping', 5);
insert into Meeting_Rooms (room, floor, rname, did) values (1, 7, 'Mumbai', 6);
insert into Meeting_Rooms (room, floor, rname, did) values (10, 7, 'Dambulla', 6);
insert into Meeting_Rooms (room, floor, rname, did) values (8, 7, 'Aimin', 6);
insert into Meeting_Rooms (room, floor, rname, did) values (6, 8, 'Singapore', 7);
insert into Meeting_Rooms (room, floor, rname, did) values (2, 8, 'Rio Pardo', 7);
insert into Meeting_Rooms (room, floor, rname, did) values (3, 8, 'Tanxi', 7);
insert into Meeting_Rooms (room, floor, rname, did) values (7, 9, 'Manokwari', 8);
insert into Meeting_Rooms (room, floor, rname, did) values (1, 9, 'Coolock', 8);
insert into Meeting_Rooms (room, floor, rname, did) values (10, 9, 'Marseille', 8);
insert into Meeting_Rooms (room, floor, rname, did) values (8, 10, 'Osaka', 9);
insert into Meeting_Rooms (room, floor, rname, did) values (2, 10, 'Cahuac', 9);
insert into Meeting_Rooms (room, floor, rname, did) values (9, 10, 'Penang', 9);
insert into Meeting_Rooms (room, floor, rname, did) values (9, 11, 'Tokyo', 10);
insert into Meeting_Rooms (room, floor, rname, did) values (3, 11, 'Yanjiang', 10);
insert into Meeting_Rooms (room, floor, rname, did) values (2, 11, 'Hatton', 10);

insert into Updates (date, new_cap, room, floor, m_eid) values ('2021-07-01', 10, 4, 2, 63);
insert into Updates (date, new_cap, room, floor, m_eid) values ('2021-07-01', 10, 2, 2, 63);
insert into Updates (date, new_cap, room, floor, m_eid) values ('2021-07-01', 10, 1, 2, 63);
insert into Updates (date, new_cap, room, floor, m_eid) values ('2021-07-01', 10, 6, 3, 46);
insert into Updates (date, new_cap, room, floor, m_eid) values ('2021-07-01', 10, 4, 3, 46);
insert into Updates (date, new_cap, room, floor, m_eid) values ('2021-07-01', 10, 1, 3, 46);
insert into Updates (date, new_cap, room, floor, m_eid) values ('2021-07-01', 10, 3, 4, 6);
insert into Updates (date, new_cap, room, floor, m_eid) values ('2021-07-01', 10, 5, 4, 6);
insert into Updates (date, new_cap, room, floor, m_eid) values ('2021-07-01', 10, 4, 4, 6);
insert into Updates (date, new_cap, room, floor, m_eid) values ('2021-07-01', 10, 7, 5, 39);
insert into Updates (date, new_cap, room, floor, m_eid) values ('2021-07-01', 10, 6, 5, 39);
insert into Updates (date, new_cap, room, floor, m_eid) values ('2021-07-01', 10, 4, 5, 39);
insert into Updates (date, new_cap, room, floor, m_eid) values ('2021-07-01', 10, 4, 6, 82);
insert into Updates (date, new_cap, room, floor, m_eid) values ('2021-07-01', 10, 5, 6, 82);
insert into Updates (date, new_cap, room, floor, m_eid) values ('2021-07-01', 10, 3, 6, 82);
insert into Updates (date, new_cap, room, floor, m_eid) values ('2021-07-01', 10, 10, 7, 72);
insert into Updates (date, new_cap, room, floor, m_eid) values ('2021-07-01', 10, 8, 7, 72);
insert into Updates (date, new_cap, room, floor, m_eid) values ('2021-07-01', 10, 1, 7, 72);
insert into Updates (date, new_cap, room, floor, m_eid) values ('2021-07-01', 10, 6, 8, 19);
insert into Updates (date, new_cap, room, floor, m_eid) values ('2021-07-01', 10, 2, 8, 19);
insert into Updates (date, new_cap, room, floor, m_eid) values ('2021-07-01', 10, 3, 8, 19);
insert into Updates (date, new_cap, room, floor, m_eid) values ('2021-07-01', 10, 1, 9, 80);
insert into Updates (date, new_cap, room, floor, m_eid) values ('2021-07-01', 10, 7, 9, 80);
insert into Updates (date, new_cap, room, floor, m_eid) values ('2021-07-01', 10, 10, 9, 80);
insert into Updates (date, new_cap, room, floor, m_eid) values ('2021-07-01', 10, 8, 10, 42);
insert into Updates (date, new_cap, room, floor, m_eid) values ('2021-07-01', 10, 2, 10, 42);
insert into Updates (date, new_cap, room, floor, m_eid) values ('2021-07-01', 10, 9, 10, 42);
insert into Updates (date, new_cap, room, floor, m_eid) values ('2021-07-01', 10, 9, 11, 45);
insert into Updates (date, new_cap, room, floor, m_eid) values ('2021-07-01', 10, 2, 11, 45);
insert into Updates (date, new_cap, room, floor, m_eid) values ('2021-07-01', 10, 3, 11, 45);
commit;

insert into Sessions (time, date, room, floor, b_eid) values (13, '2021-11-07', 1, 2, 18);
insert into Sessions (time, date, room, floor, b_eid) values (13, '2021-11-10', 2, 2, 97);
insert into Sessions (time, date, room, floor, b_eid) values (13, '2021-11-21', 4, 2, 98);
insert into Sessions (time, date, room, floor, b_eid) values (11, '2021-11-08', 1, 3, 74);
insert into Sessions (time, date, room, floor, b_eid) values (17, '2021-11-09', 4, 3, 30);
insert into Sessions (time, date, room, floor, b_eid) values (16, '2021-11-10', 6, 3, 56);
insert into Sessions (time, date, room, floor, b_eid) values (19, '2021-11-09', 5, 4, 66);
insert into Sessions (time, date, room, floor, b_eid) values (22, '2021-11-13', 3, 4, 3);
insert into Sessions (time, date, room, floor, b_eid) values (10, '2021-11-24', 4, 4, 2);
insert into Sessions (time, date, room, floor, b_eid) values (10, '2021-11-09', 7, 5, 90);
insert into Sessions (time, date, room, floor, b_eid) values (8, '2021-11-14', 4, 5, 51);
insert into Sessions (time, date, room, floor, b_eid) values (17, '2021-11-22', 6, 5, 26);
insert into Sessions (time, date, room, floor, b_eid) values (9, '2021-11-07', 5, 6, 25);
insert into Sessions (time, date, room, floor, b_eid) values (15, '2021-11-11', 4, 6, 59);
insert into Sessions (time, date, room, floor, b_eid) values (12, '2021-11-18', 3, 6, 53);
insert into Sessions (time, date, room, floor, b_eid) values (21, '2021-11-12', 1, 7, 27);
insert into Sessions (time, date, room, floor, b_eid) values (17, '2021-11-16', 8, 7, 9);
insert into Sessions (time, date, room, floor, b_eid) values (15, '2021-11-25', 10, 7, 9);
insert into Sessions (time, date, room, floor, b_eid) values (17, '2021-11-11', 2, 8, 96);
insert into Sessions (time, date, room, floor, b_eid) values (17, '2021-11-15', 3, 8, 69);
insert into Sessions (time, date, room, floor, b_eid) values (17, '2021-11-20', 6, 8, 44);
insert into Sessions (time, date, room, floor, b_eid) values (6, '2021-11-07', 1, 9, 38);
insert into Sessions (time, date, room, floor, b_eid) values (19, '2021-11-20', 10, 9, 71);
insert into Sessions (time, date, room, floor, b_eid) values (12, '2021-11-24', 7, 9, 87);
insert into Sessions (time, date, room, floor, b_eid) values (18, '2021-11-07', 2, 10, 54);
insert into Sessions (time, date, room, floor, b_eid) values (20, '2021-11-10', 8, 10, 7);
insert into Sessions (time, date, room, floor, b_eid) values (15, '2021-11-13', 9, 10, 64);
insert into Sessions (time, date, room, floor, b_eid) values (16, '2021-11-08', 3, 11, 1);
insert into Sessions (time, date, room, floor, b_eid) values (9, '2021-11-12', 2, 11, 99);
insert into Sessions (time, date, room, floor, b_eid) values (12, '2021-11-19', 9, 11, 100);

insert into Joins (time, date, room, floor, b_eid, e_eid) values (13, '2021-11-07', 1, 2, 18, 92);
insert into Joins (time, date, room, floor, b_eid, e_eid) values (13, '2021-11-07', 1, 2, 18, 91);
insert into Joins (time, date, room, floor, b_eid, e_eid) values (13, '2021-11-07', 1, 2, 18, 58);
insert into Joins (time, date, room, floor, b_eid, e_eid) values (13, '2021-11-07', 1, 2, 18, 89);

insert into Joins (time, date, room, floor, b_eid, e_eid) values (13, '2021-11-10', 2, 2, 97, 63);
insert into Joins (time, date, room, floor, b_eid, e_eid) values (13, '2021-11-10', 2, 2, 97, 18);
insert into Joins (time, date, room, floor, b_eid, e_eid) values (13, '2021-11-10', 2, 2, 97, 98);
insert into Joins (time, date, room, floor, b_eid, e_eid) values (13, '2021-11-10', 2, 2, 97, 73);
insert into Joins (time, date, room, floor, b_eid, e_eid) values (13, '2021-11-10', 2, 2, 97, 52);
insert into Joins (time, date, room, floor, b_eid, e_eid) values (13, '2021-11-10', 2, 2, 97, 94);
insert into Joins (time, date, room, floor, b_eid, e_eid) values (13, '2021-11-10', 2, 2, 97, 54);

insert into Joins (time, date, room, floor, b_eid, e_eid) values (13, '2021-11-21', 4, 2, 98, 63);
insert into Joins (time, date, room, floor, b_eid, e_eid) values (13, '2021-11-21', 4, 2, 98, 92);
insert into Joins (time, date, room, floor, b_eid, e_eid) values (13, '2021-11-21', 4, 2, 98, 91);
insert into Joins (time, date, room, floor, b_eid, e_eid) values (13, '2021-11-21', 4, 2, 98, 52);
insert into Joins (time, date, room, floor, b_eid, e_eid) values (13, '2021-11-21', 4, 2, 98, 73);
insert into Joins (time, date, room, floor, b_eid, e_eid) values (13, '2021-11-21', 4, 2, 98, 97);

insert into Joins (time, date, room, floor, b_eid, e_eid) values (11, '2021-11-08', 1, 3, 74, 57);
insert into Joins (time, date, room, floor, b_eid, e_eid) values (11, '2021-11-08', 1, 3, 74, 31);
insert into Joins (time, date, room, floor, b_eid, e_eid) values (11, '2021-11-08', 1, 3, 74, 30);
insert into Joins (time, date, room, floor, b_eid, e_eid) values (11, '2021-11-08', 1, 3, 74, 55);

insert into Joins (time, date, room, floor, b_eid, e_eid) values (17, '2021-11-09', 4, 3, 30, 46);
insert into Joins (time, date, room, floor, b_eid, e_eid) values (17, '2021-11-09', 4, 3, 30, 74);
insert into Joins (time, date, room, floor, b_eid, e_eid) values (17, '2021-11-09', 4, 3, 30, 70);
insert into Joins (time, date, room, floor, b_eid, e_eid) values (17, '2021-11-09', 4, 3, 30, 68);
insert into Joins (time, date, room, floor, b_eid, e_eid) values (17, '2021-11-09', 4, 3, 30, 34);
insert into Joins (time, date, room, floor, b_eid, e_eid) values (17, '2021-11-09', 4, 3, 30, 56);
insert into Joins (time, date, room, floor, b_eid, e_eid) values (17, '2021-11-09', 4, 3, 30, 55);
insert into Joins (time, date, room, floor, b_eid, e_eid) values (17, '2021-11-09', 4, 3, 30, 6);

insert into Joins (time, date, room, floor, b_eid, e_eid) values (16, '2021-11-10', 6, 3, 56, 46);
insert into Joins (time, date, room, floor, b_eid, e_eid) values (16, '2021-11-10', 6, 3, 56, 57);
insert into Joins (time, date, room, floor, b_eid, e_eid) values (16, '2021-11-10', 6, 3, 56, 31);
insert into Joins (time, date, room, floor, b_eid, e_eid) values (16, '2021-11-10', 6, 3, 56, 30);
insert into Joins (time, date, room, floor, b_eid, e_eid) values (16, '2021-11-10', 6, 3, 56, 55);
insert into Joins (time, date, room, floor, b_eid, e_eid) values (16, '2021-11-10', 6, 3, 56, 68);
insert into Joins (time, date, room, floor, b_eid, e_eid) values (16, '2021-11-10', 6, 3, 56, 34);
insert into Joins (time, date, room, floor, b_eid, e_eid) values (16, '2021-11-10', 6, 3, 56, 70);

insert into Joins (time, date, room, floor, b_eid, e_eid) values (19, '2021-11-09', 5, 4, 66, 2);
insert into Joins (time, date, room, floor, b_eid, e_eid) values (19, '2021-11-09', 5, 4, 66, 3);
insert into Joins (time, date, room, floor, b_eid, e_eid) values (19, '2021-11-09', 5, 4, 66, 5);

insert into Joins (time, date, room, floor, b_eid, e_eid) values (22, '2021-11-13', 3, 4, 3, 6);
insert into Joins (time, date, room, floor, b_eid, e_eid) values (22, '2021-11-13', 3, 4, 3, 84);
insert into Joins (time, date, room, floor, b_eid, e_eid) values (22, '2021-11-13', 3, 4, 3, 2);
insert into Joins (time, date, room, floor, b_eid, e_eid) values (22, '2021-11-13', 3, 4, 3, 14);
insert into Joins (time, date, room, floor, b_eid, e_eid) values (22, '2021-11-13', 3, 4, 3, 17);
insert into Joins (time, date, room, floor, b_eid, e_eid) values (22, '2021-11-13', 3, 4, 3, 75);
insert into Joins (time, date, room, floor, b_eid, e_eid) values (22, '2021-11-13', 3, 4, 3, 69);
insert into Joins (time, date, room, floor, b_eid, e_eid) values (22, '2021-11-13', 3, 4, 3, 25);

insert into Joins (time, date, room, floor, b_eid, e_eid) values (10, '2021-11-24', 4, 4, 2, 6);
insert into Joins (time, date, room, floor, b_eid, e_eid) values (10, '2021-11-24', 4, 4, 2, 66);
insert into Joins (time, date, room, floor, b_eid, e_eid) values (10, '2021-11-24', 4, 4, 2, 84);
insert into Joins (time, date, room, floor, b_eid, e_eid) values (10, '2021-11-24', 4, 4, 2, 86);
insert into Joins (time, date, room, floor, b_eid, e_eid) values (10, '2021-11-24', 4, 4, 2, 5);
insert into Joins (time, date, room, floor, b_eid, e_eid) values (10, '2021-11-24', 4, 4, 2, 17);
insert into Joins (time, date, room, floor, b_eid, e_eid) values (10, '2021-11-24', 4, 4, 2, 75);
insert into Joins (time, date, room, floor, b_eid, e_eid) values (10, '2021-11-24', 4, 4, 2, 14);
insert into Joins (time, date, room, floor, b_eid, e_eid) values (10, '2021-11-24', 4, 4, 2, 3);

insert into Joins (time, date, room, floor, b_eid, e_eid) values (10, '2021-11-09', 7, 5, 90, 39);
insert into Joins (time, date, room, floor, b_eid, e_eid) values (10, '2021-11-09', 7, 5, 90, 51);
insert into Joins (time, date, room, floor, b_eid, e_eid) values (10, '2021-11-09', 7, 5, 90, 8);
insert into Joins (time, date, room, floor, b_eid, e_eid) values (10, '2021-11-09', 7, 5, 90, 11);

insert into Joins (time, date, room, floor, b_eid, e_eid) values (8, '2021-11-14', 4, 5, 51, 20);
insert into Joins (time, date, room, floor, b_eid, e_eid) values (8, '2021-11-14', 4, 5, 51, 26);
insert into Joins (time, date, room, floor, b_eid, e_eid) values (8, '2021-11-14', 4, 5, 51, 29);
insert into Joins (time, date, room, floor, b_eid, e_eid) values (8, '2021-11-14', 4, 5, 51, 32);
insert into Joins (time, date, room, floor, b_eid, e_eid) values (8, '2021-11-14', 4, 5, 51, 76);
insert into Joins (time, date, room, floor, b_eid, e_eid) values (8, '2021-11-14', 4, 5, 51, 99);

insert into Joins (time, date, room, floor, b_eid, e_eid) values (17, '2021-11-22', 6, 5, 26, 39);
insert into Joins (time, date, room, floor, b_eid, e_eid) values (17, '2021-11-22', 6, 5, 26, 65);
insert into Joins (time, date, room, floor, b_eid, e_eid) values (17, '2021-11-22', 6, 5, 26, 8);
insert into Joins (time, date, room, floor, b_eid, e_eid) values (17, '2021-11-22', 6, 5, 26, 11);
insert into Joins (time, date, room, floor, b_eid, e_eid) values (17, '2021-11-22', 6, 5, 26, 90);
insert into Joins (time, date, room, floor, b_eid, e_eid) values (17, '2021-11-22', 6, 5, 26, 20);
insert into Joins (time, date, room, floor, b_eid, e_eid) values (17, '2021-11-22', 6, 5, 26, 41);
insert into Joins (time, date, room, floor, b_eid, e_eid) values (17, '2021-11-22', 6, 5, 26, 32);

insert into Joins (time, date, room, floor, b_eid, e_eid) values (9, '2021-11-07', 5, 6, 25, 82);
insert into Joins (time, date, room, floor, b_eid, e_eid) values (9, '2021-11-07', 5, 6, 25, 13);
insert into Joins (time, date, room, floor, b_eid, e_eid) values (9, '2021-11-07', 5, 6, 25, 15);
insert into Joins (time, date, room, floor, b_eid, e_eid) values (9, '2021-11-07', 5, 6, 25, 24);
insert into Joins (time, date, room, floor, b_eid, e_eid) values (9, '2021-11-07', 5, 6, 25, 35);

insert into Joins (time, date, room, floor, b_eid, e_eid) values (15, '2021-11-11', 4, 6, 59, 82);
insert into Joins (time, date, room, floor, b_eid, e_eid) values (15, '2021-11-11', 4, 6, 59, 47);
insert into Joins (time, date, room, floor, b_eid, e_eid) values (15, '2021-11-11', 4, 6, 59, 53);
insert into Joins (time, date, room, floor, b_eid, e_eid) values (15, '2021-11-11', 4, 6, 59, 79);
insert into Joins (time, date, room, floor, b_eid, e_eid) values (15, '2021-11-11', 4, 6, 59, 1);
insert into Joins (time, date, room, floor, b_eid, e_eid) values (15, '2021-11-11', 4, 6, 59, 65);
insert into Joins (time, date, room, floor, b_eid, e_eid) values (15, '2021-11-11', 4, 6, 59, 49);
insert into Joins (time, date, room, floor, b_eid, e_eid) values (15, '2021-11-11', 4, 6, 59, 70);

insert into Joins (time, date, room, floor, b_eid, e_eid) values (12, '2021-11-18', 3, 6, 53, 82);
insert into Joins (time, date, room, floor, b_eid, e_eid) values (12, '2021-11-18', 3, 6, 53, 24);
insert into Joins (time, date, room, floor, b_eid, e_eid) values (12, '2021-11-18', 3, 6, 53, 35);
insert into Joins (time, date, room, floor, b_eid, e_eid) values (12, '2021-11-18', 3, 6, 53, 47);
insert into Joins (time, date, room, floor, b_eid, e_eid) values (12, '2021-11-18', 3, 6, 53, 79);
insert into Joins (time, date, room, floor, b_eid, e_eid) values (12, '2021-11-18', 3, 6, 53, 25);

insert into Joins (time, date, room, floor, b_eid, e_eid) values (21, '2021-11-12', 1, 7, 27, 72);
insert into Joins (time, date, room, floor, b_eid, e_eid) values (21, '2021-11-12', 1, 7, 27, 60);
insert into Joins (time, date, room, floor, b_eid, e_eid) values (21, '2021-11-12', 1, 7, 27, 67);
insert into Joins (time, date, room, floor, b_eid, e_eid) values (21, '2021-11-12', 1, 7, 27, 10);

insert into Joins (time, date, room, floor, b_eid, e_eid) values (17, '2021-11-16', 8, 7, 9, 78);
insert into Joins (time, date, room, floor, b_eid, e_eid) values (17, '2021-11-16', 8, 7, 9, 85);
insert into Joins (time, date, room, floor, b_eid, e_eid) values (17, '2021-11-16', 8, 7, 9, 10);
insert into Joins (time, date, room, floor, b_eid, e_eid) values (17, '2021-11-16', 8, 7, 9, 72);
insert into Joins (time, date, room, floor, b_eid, e_eid) values (17, '2021-11-16', 8, 7, 9, 42);
insert into Joins (time, date, room, floor, b_eid, e_eid) values (17, '2021-11-16', 8, 7, 9, 70);

insert into Joins (time, date, room, floor, b_eid, e_eid) values (15, '2021-11-25', 10, 7, 9, 72);
insert into Joins (time, date, room, floor, b_eid, e_eid) values (15, '2021-11-25', 10, 7, 9, 27);
insert into Joins (time, date, room, floor, b_eid, e_eid) values (15, '2021-11-25', 10, 7, 9, 60);
insert into Joins (time, date, room, floor, b_eid, e_eid) values (15, '2021-11-25', 10, 7, 9, 67);
insert into Joins (time, date, room, floor, b_eid, e_eid) values (15, '2021-11-25', 10, 7, 9, 78);
insert into Joins (time, date, room, floor, b_eid, e_eid) values (15, '2021-11-25', 10, 7, 9, 85);
insert into Joins (time, date, room, floor, b_eid, e_eid) values (15, '2021-11-25', 10, 7, 9, 10);

insert into Joins (time, date, room, floor, b_eid, e_eid) values (17, '2021-11-11', 2, 8, 96, 19);
insert into Joins (time, date, room, floor, b_eid, e_eid) values (17, '2021-11-11', 2, 8, 96, 69);
insert into Joins (time, date, room, floor, b_eid, e_eid) values (17, '2021-11-11', 2, 8, 96, 50);
insert into Joins (time, date, room, floor, b_eid, e_eid) values (17, '2021-11-11', 2, 8, 96, 22);

insert into Joins (time, date, room, floor, b_eid, e_eid) values (17, '2021-11-15', 3, 8, 69, 19);
insert into Joins (time, date, room, floor, b_eid, e_eid) values (17, '2021-11-15', 3, 8, 69, 28);
insert into Joins (time, date, room, floor, b_eid, e_eid) values (17, '2021-11-15', 3, 8, 69, 44);
insert into Joins (time, date, room, floor, b_eid, e_eid) values (17, '2021-11-15', 3, 8, 69, 96);
insert into Joins (time, date, room, floor, b_eid, e_eid) values (17, '2021-11-15', 3, 8, 69, 11);
insert into Joins (time, date, room, floor, b_eid, e_eid) values (17, '2021-11-15', 3, 8, 69, 50);

insert into Joins (time, date, room, floor, b_eid, e_eid) values (17, '2021-11-20', 6, 8, 44, 19);
insert into Joins (time, date, room, floor, b_eid, e_eid) values (17, '2021-11-20', 6, 8, 44, 33);
insert into Joins (time, date, room, floor, b_eid, e_eid) values (17, '2021-11-20', 6, 8, 44, 36);
insert into Joins (time, date, room, floor, b_eid, e_eid) values (17, '2021-11-20', 6, 8, 44, 100);
insert into Joins (time, date, room, floor, b_eid, e_eid) values (17, '2021-11-20', 6, 8, 44, 16);
insert into Joins (time, date, room, floor, b_eid, e_eid) values (17, '2021-11-20', 6, 8, 44, 50);

insert into Joins (time, date, room, floor, b_eid, e_eid) values (6, '2021-11-07', 1, 9, 38, 80);
insert into Joins (time, date, room, floor, b_eid, e_eid) values (6, '2021-11-07', 1, 9, 38, 40);
insert into Joins (time, date, room, floor, b_eid, e_eid) values (6, '2021-11-07', 1, 9, 38, 4);
insert into Joins (time, date, room, floor, b_eid, e_eid) values (6, '2021-11-07', 1, 9, 38, 61);

insert into Joins (time, date, room, floor, b_eid, e_eid) values (19, '2021-11-20', 10, 9, 71, 80);
insert into Joins (time, date, room, floor, b_eid, e_eid) values (19, '2021-11-20', 10, 9, 71, 76);
insert into Joins (time, date, room, floor, b_eid, e_eid) values (19, '2021-11-20', 10, 9, 71, 77);
insert into Joins (time, date, room, floor, b_eid, e_eid) values (19, '2021-11-20', 10, 9, 71, 82);
insert into Joins (time, date, room, floor, b_eid, e_eid) values (19, '2021-11-20', 10, 9, 71, 73);

insert into Joins (time, date, room, floor, b_eid, e_eid) values (12, '2021-11-24', 7, 9, 87, 88);
insert into Joins (time, date, room, floor, b_eid, e_eid) values (12, '2021-11-24', 7, 9, 87, 94);
insert into Joins (time, date, room, floor, b_eid, e_eid) values (12, '2021-11-24', 7, 9, 87, 83);
insert into Joins (time, date, room, floor, b_eid, e_eid) values (12, '2021-11-24', 7, 9, 87, 77);
insert into Joins (time, date, room, floor, b_eid, e_eid) values (12, '2021-11-24', 7, 9, 87, 4);
insert into Joins (time, date, room, floor, b_eid, e_eid) values (12, '2021-11-24', 7, 9, 87, 38);

insert into Joins (time, date, room, floor, b_eid, e_eid) values (18, '2021-11-07', 2, 10, 54, 42);
insert into Joins (time, date, room, floor, b_eid, e_eid) values (18, '2021-11-07', 2, 10, 54, 64);
insert into Joins (time, date, room, floor, b_eid, e_eid) values (18, '2021-11-07', 2, 10, 54, 23);
insert into Joins (time, date, room, floor, b_eid, e_eid) values (18, '2021-11-07', 2, 10, 54, 37);
insert into Joins (time, date, room, floor, b_eid, e_eid) values (18, '2021-11-07', 2, 10, 54, 7);

insert into Joins (time, date, room, floor, b_eid, e_eid) values (20, '2021-11-10', 8, 10, 7, 42);
insert into Joins (time, date, room, floor, b_eid, e_eid) values (20, '2021-11-10', 8, 10, 7, 12);
insert into Joins (time, date, room, floor, b_eid, e_eid) values (20, '2021-11-10', 8, 10, 7, 95);
insert into Joins (time, date, room, floor, b_eid, e_eid) values (20, '2021-11-10', 8, 10, 7, 23);
insert into Joins (time, date, room, floor, b_eid, e_eid) values (20, '2021-11-10', 8, 10, 7, 33);

insert into Joins (time, date, room, floor, b_eid, e_eid) values (15, '2021-11-13', 9, 10, 64, 54);
insert into Joins (time, date, room, floor, b_eid, e_eid) values (15, '2021-11-13', 9, 10, 64, 42);
insert into Joins (time, date, room, floor, b_eid, e_eid) values (15, '2021-11-13', 9, 10, 64, 23);
insert into Joins (time, date, room, floor, b_eid, e_eid) values (15, '2021-11-13', 9, 10, 64, 12);
insert into Joins (time, date, room, floor, b_eid, e_eid) values (15, '2021-11-13', 9, 10, 64, 37);
insert into Joins (time, date, room, floor, b_eid, e_eid) values (15, '2021-11-13', 9, 10, 64, 7);

insert into Joins (time, date, room, floor, b_eid, e_eid) values (16, '2021-11-08', 3, 11, 1, 45);
insert into Joins (time, date, room, floor, b_eid, e_eid) values (16, '2021-11-08', 3, 11, 1, 100);
insert into Joins (time, date, room, floor, b_eid, e_eid) values (16, '2021-11-08', 3, 11, 1, 93);
insert into Joins (time, date, room, floor, b_eid, e_eid) values (16, '2021-11-08', 3, 11, 1, 81);

insert into Joins (time, date, room, floor, b_eid, e_eid) values (9, '2021-11-12', 2, 11, 99, 48);
insert into Joins (time, date, room, floor, b_eid, e_eid) values (9, '2021-11-12', 2, 11, 99, 45);
insert into Joins (time, date, room, floor, b_eid, e_eid) values (9, '2021-11-12', 2, 11, 99, 81);
insert into Joins (time, date, room, floor, b_eid, e_eid) values (9, '2021-11-12', 2, 11, 99, 43);
insert into Joins (time, date, room, floor, b_eid, e_eid) values (9, '2021-11-12', 2, 11, 99, 62);
insert into Joins (time, date, room, floor, b_eid, e_eid) values (9, '2021-11-12', 2, 11, 99, 56);

insert into Joins (time, date, room, floor, b_eid, e_eid) values (12, '2021-11-19', 9, 11, 100, 63);
insert into Joins (time, date, room, floor, b_eid, e_eid) values (12, '2021-11-19', 9, 11, 100, 6);
insert into Joins (time, date, room, floor, b_eid, e_eid) values (12, '2021-11-19', 9, 11, 100, 39);
insert into Joins (time, date, room, floor, b_eid, e_eid) values (12, '2021-11-19', 9, 11, 100, 82);
insert into Joins (time, date, room, floor, b_eid, e_eid) values (12, '2021-11-19', 9, 11, 100, 72);
insert into Joins (time, date, room, floor, b_eid, e_eid) values (12, '2021-11-19', 9, 11, 100, 19);
insert into Joins (time, date, room, floor, b_eid, e_eid) values (12, '2021-11-19', 9, 11, 100, 80);
insert into Joins (time, date, room, floor, b_eid, e_eid) values (12, '2021-11-19', 9, 11, 100, 42);
insert into Joins (time, date, room, floor, b_eid, e_eid) values (12, '2021-11-19', 9, 11, 100, 45); 

insert into Approves (time, date, room, floor, b_eid, m_eid) values (13, '2021-11-07', 1, 2, 18, 63);
insert into Approves (time, date, room, floor, b_eid, m_eid) values (13, '2021-11-10', 2, 2, 97, 63);
insert into Approves (time, date, room, floor, b_eid, m_eid) values (13, '2021-11-21', 4, 2, 98, 63);
insert into Approves (time, date, room, floor, b_eid, m_eid) values (11, '2021-11-08', 1, 3, 74, 46);
insert into Approves (time, date, room, floor, b_eid, m_eid) values (17, '2021-11-09', 4, 3, 30, 46);
insert into Approves (time, date, room, floor, b_eid, m_eid) values (16, '2021-11-10', 6, 3, 56, 46);
insert into Approves (time, date, room, floor, b_eid, m_eid) values (19, '2021-11-09', 5, 4, 66, 6);
insert into Approves (time, date, room, floor, b_eid, m_eid) values (22, '2021-11-13', 3, 4, 3, 6);
insert into Approves (time, date, room, floor, b_eid, m_eid) values (10, '2021-11-24', 4, 4, 2, 6);
insert into Approves (time, date, room, floor, b_eid, m_eid) values (10, '2021-11-09', 7, 5, 90, 39);
insert into Approves (time, date, room, floor, b_eid, m_eid) values (8, '2021-11-14', 4, 5, 51, 39);
insert into Approves (time, date, room, floor, b_eid, m_eid) values (17, '2021-11-22', 6, 5, 26, 39);
insert into Approves (time, date, room, floor, b_eid, m_eid) values (9, '2021-11-07', 5, 6, 25, 82);
insert into Approves (time, date, room, floor, b_eid, m_eid) values (15, '2021-11-11', 4, 6, 59, 82);
insert into Approves (time, date, room, floor, b_eid, m_eid) values (12, '2021-11-18', 3, 6, 53, 82);
insert into Approves (time, date, room, floor, b_eid, m_eid) values (21, '2021-11-12', 1, 7, 27, 72);
insert into Approves (time, date, room, floor, b_eid, m_eid) values (17, '2021-11-16', 8, 7, 9, 72);
insert into Approves (time, date, room, floor, b_eid, m_eid) values (15, '2021-11-25', 10, 7, 9, 72);
insert into Approves (time, date, room, floor, b_eid, m_eid) values (17, '2021-11-11', 2, 8, 96, 19);
insert into Approves (time, date, room, floor, b_eid, m_eid) values (17, '2021-11-15', 3, 8, 69, 19);
insert into Approves (time, date, room, floor, b_eid, m_eid) values (17, '2021-11-20', 6, 8, 44, 19);
insert into Approves (time, date, room, floor, b_eid, m_eid) values (6, '2021-11-07', 1, 9, 38, 80);
insert into Approves (time, date, room, floor, b_eid, m_eid) values (19, '2021-11-20', 10, 9, 71, 80);
insert into Approves (time, date, room, floor, b_eid, m_eid) values (12, '2021-11-24', 7, 9, 87, 80);
insert into Approves (time, date, room, floor, b_eid, m_eid) values (18, '2021-11-07', 2, 10, 54, 42);
insert into Approves (time, date, room, floor, b_eid, m_eid) values (20, '2021-11-10', 8, 10, 7, 42);
insert into Approves (time, date, room, floor, b_eid, m_eid) values (15, '2021-11-13', 9, 10, 64, 42);
insert into Approves (time, date, room, floor, b_eid, m_eid) values (16, '2021-11-08', 3, 11, 1, 45);
insert into Approves (time, date, room, floor, b_eid, m_eid) values (9, '2021-11-12', 2, 11, 99, 45);
insert into Approves (time, date, room, floor, b_eid, m_eid) values (12, '2021-11-19', 9, 11, 100, 45);

insert into Health_Declarations (date, temp, eid) values ('2021-11-09', 36.5, 43);
insert into Health_Declarations (date, temp, eid) values ('2021-11-07', 36.6, 48);
insert into Health_Declarations (date, temp, eid) values ('2021-11-07', 36.8, 77);
insert into Health_Declarations (date, temp, eid) values ('2021-11-08', 37.0, 52);
insert into Health_Declarations (date, temp, eid) values ('2021-11-08', 36.7, 13);
insert into Health_Declarations (date, temp, eid) values ('2021-11-07', 37.3, 10);
insert into Health_Declarations (date, temp, eid) values ('2021-11-07', 36.4, 78);
insert into Health_Declarations (date, temp, eid) values ('2021-11-09', 36.3, 61);
insert into Health_Declarations (date, temp, eid) values ('2021-11-07', 36.8, 4);
insert into Health_Declarations (date, temp, eid) values ('2021-11-08', 37.0, 82);
insert into Health_Declarations (date, temp, eid) values ('2021-11-08', 36.6, 94);
insert into Health_Declarations (date, temp, eid) values ('2021-11-08', 36.3, 2);
insert into Health_Declarations (date, temp, eid) values ('2021-11-08', 36.4, 3);
insert into Health_Declarations (date, temp, eid) values ('2021-11-09', 36.2, 3);
insert into Health_Declarations (date, temp, eid) values ('2021-11-07', 36.1, 82);
insert into Health_Declarations (date, temp, eid) values ('2021-11-09', 37.2, 82);
insert into Health_Declarations (date, temp, eid) values ('2021-11-09', 36.8, 78);
insert into Health_Declarations (date, temp, eid) values ('2021-11-08', 37.0, 68);
insert into Health_Declarations (date, temp, eid) values ('2021-11-08', 36.2, 83);
insert into Health_Declarations (date, temp, eid) values ('2021-11-07', 37.3, 81);
insert into Health_Declarations (date, temp, eid) values ('2021-11-08', 36.4, 35);
insert into Health_Declarations (date, temp, eid) values ('2021-11-09', 36.2, 93);
insert into Health_Declarations (date, temp, eid) values ('2021-11-09', 37.0, 34);
insert into Health_Declarations (date, temp, eid) values ('2021-11-09', 37.0, 51);
insert into Health_Declarations (date, temp, eid) values ('2021-11-08', 36.1, 60);
insert into Health_Declarations (date, temp, eid) values ('2021-11-07', 37.0, 11);
insert into Health_Declarations (date, temp, eid) values ('2021-11-07', 36.3, 99);
insert into Health_Declarations (date, temp, eid) values ('2021-11-08', 36.5, 37);
insert into Health_Declarations (date, temp, eid) values ('2021-11-09', 36.4, 82);
insert into Health_Declarations (date, temp, eid) values ('2021-11-07', 36.5, 90);
insert into Health_Declarations (date, temp, eid) values ('2021-11-09', 37.0, 96);
insert into Health_Declarations (date, temp, eid) values ('2021-11-07', 36.4, 75);
insert into Health_Declarations (date, temp, eid) values ('2021-11-09', 36.4, 41);
insert into Health_Declarations (date, temp, eid) values ('2021-11-07', 37.1, 50);
insert into Health_Declarations (date, temp, eid) values ('2021-11-07', 36.5, 59);
insert into Health_Declarations (date, temp, eid) values ('2021-11-07', 36.8, 72);
insert into Health_Declarations (date, temp, eid) values ('2021-11-07', 36.6, 27);
insert into Health_Declarations (date, temp, eid) values ('2021-11-09', 36.2, 45);
insert into Health_Declarations (date, temp, eid) values ('2021-11-07', 36.7, 51);
insert into Health_Declarations (date, temp, eid) values ('2021-11-09', 36.4, 85);
insert into Health_Declarations (date, temp, eid) values ('2021-11-07', 36.8, 65);
insert into Health_Declarations (date, temp, eid) values ('2021-11-09', 37.2, 92);
insert into Health_Declarations (date, temp, eid) values ('2021-11-07', 37.1, 25);
insert into Health_Declarations (date, temp, eid) values ('2021-11-07', 36.1, 31);
insert into Health_Declarations (date, temp, eid) values ('2021-11-08', 37.4, 40);
insert into Health_Declarations (date, temp, eid) values ('2021-11-09', 37.1, 40);
insert into Health_Declarations (date, temp, eid) values ('2021-11-07', 37.2, 64);
insert into Health_Declarations (date, temp, eid) values ('2021-11-09', 36.2, 32);
insert into Health_Declarations (date, temp, eid) values ('2021-11-08', 37.3, 61);
insert into Health_Declarations (date, temp, eid) values ('2021-11-09', 36.8, 49);
insert into Health_Declarations (date, temp, eid) values ('2021-11-09', 36.6, 5);
insert into Health_Declarations (date, temp, eid) values ('2021-11-09', 36.9, 53);
insert into Health_Declarations (date, temp, eid) values ('2021-11-08', 36.3, 92);
insert into Health_Declarations (date, temp, eid) values ('2021-11-09', 36.7, 46);
insert into Health_Declarations (date, temp, eid) values ('2021-11-08', 36.6, 91);
insert into Health_Declarations (date, temp, eid) values ('2021-11-07', 37.3, 5);
insert into Health_Declarations (date, temp, eid) values ('2021-11-09', 36.2, 33);
insert into Health_Declarations (date, temp, eid) values ('2021-11-09', 36.1, 52);
insert into Health_Declarations (date, temp, eid) values ('2021-11-07', 36.0, 28);
insert into Health_Declarations (date, temp, eid) values ('2021-11-07', 36.5, 62);
insert into Health_Declarations (date, temp, eid) values ('2021-11-08', 36.9, 6);
insert into Health_Declarations (date, temp, eid) values ('2021-11-09', 37.1, 4);
insert into Health_Declarations (date, temp, eid) values ('2021-11-07', 37.1, 63);
insert into Health_Declarations (date, temp, eid) values ('2021-11-09', 37.1, 23);
insert into Health_Declarations (date, temp, eid) values ('2021-11-08', 36.6, 55);
insert into Health_Declarations (date, temp, eid) values ('2021-11-09', 36.8, 89);
insert into Health_Declarations (date, temp, eid) values ('2021-11-08', 36.2, 22);
insert into Health_Declarations (date, temp, eid) values ('2021-11-09', 36.3, 16);
insert into Health_Declarations (date, temp, eid) values ('2021-11-08', 36.6, 1);
insert into Health_Declarations (date, temp, eid) values ('2021-11-08', 36.9, 77);
insert into Health_Declarations (date, temp, eid) values ('2021-11-08', 36.7, 27);
insert into Health_Declarations (date, temp, eid) values ('2021-11-08', 36.4, 57);
insert into Health_Declarations (date, temp, eid) values ('2021-11-07', 36.9, 40);
insert into Health_Declarations (date, temp, eid) values ('2021-11-08', 37.1, 63);
insert into Health_Declarations (date, temp, eid) values ('2021-11-07', 37.3, 86);
insert into Health_Declarations (date, temp, eid) values ('2021-11-08', 37.0, 8);
insert into Health_Declarations (date, temp, eid) values ('2021-11-07', 36.2, 14);
insert into Health_Declarations (date, temp, eid) values ('2021-11-09', 36.2, 95);
insert into Health_Declarations (date, temp, eid) values ('2021-11-08', 36.3, 79);
insert into Health_Declarations (date, temp, eid) values ('2021-11-09', 37.4, 12);
insert into Health_Declarations (date, temp, eid) values ('2021-11-09', 36.5, 97);
insert into Health_Declarations (date, temp, eid) values ('2021-11-09', 36.5, 35);
insert into Health_Declarations (date, temp, eid) values ('2021-11-08', 37.3, 15);
insert into Health_Declarations (date, temp, eid) values ('2021-11-08', 36.4, 99);
insert into Health_Declarations (date, temp, eid) values ('2021-11-09', 36.6, 83);
insert into Health_Declarations (date, temp, eid) values ('2021-11-08', 37.0, 65);
insert into Health_Declarations (date, temp, eid) values ('2021-11-07', 36.9, 33);
insert into Health_Declarations (date, temp, eid) values ('2021-11-07', 36.6, 45);
insert into Health_Declarations (date, temp, eid) values ('2021-11-07', 37.2, 1);
insert into Health_Declarations (date, temp, eid) values ('2021-11-09', 36.1, 24);
insert into Health_Declarations (date, temp, eid) values ('2021-11-07', 37.0, 18);
insert into Health_Declarations (date, temp, eid) values ('2021-11-08', 36.8, 51);
insert into Health_Declarations (date, temp, eid) values ('2021-11-09', 36.1, 22);
insert into Health_Declarations (date, temp, eid) values ('2021-11-09', 36.6, 1);
insert into Health_Declarations (date, temp, eid) values ('2021-11-08', 37.1, 48);
insert into Health_Declarations (date, temp, eid) values ('2021-11-07', 36.1, 43);
insert into Health_Declarations (date, temp, eid) values ('2021-11-09', 36.5, 10);
insert into Health_Declarations (date, temp, eid) values ('2021-11-07', 36.3, 66);
insert into Health_Declarations (date, temp, eid) values ('2021-11-09', 36.1, 36);
insert into Health_Declarations (date, temp, eid) values ('2021-11-07', 36.3, 13);
insert into Health_Declarations (date, temp, eid) values ('2021-11-09', 36.9, 55);
insert into Health_Declarations (date, temp, eid) values ('2021-11-09', 36.3, 84);
insert into Health_Declarations (date, temp, eid) values ('2021-11-08', 36.4, 25);
insert into Health_Declarations (date, temp, eid) values ('2021-11-09', 36.4, 88);
insert into Health_Declarations (date, temp, eid) values ('2021-11-07', 37.2, 80);
insert into Health_Declarations (date, temp, eid) values ('2021-11-08', 36.7, 44);
insert into Health_Declarations (date, temp, eid) values ('2021-11-09', 37.0, 8);
insert into Health_Declarations (date, temp, eid) values ('2021-11-08', 37.1, 88);
insert into Health_Declarations (date, temp, eid) values ('2021-11-07', 36.8, 15);
insert into Health_Declarations (date, temp, eid) values ('2021-11-09', 36.3, 67);
insert into Health_Declarations (date, temp, eid) values ('2021-11-07', 36.9, 93);
insert into Health_Declarations (date, temp, eid) values ('2021-11-08', 36.2, 34);
insert into Health_Declarations (date, temp, eid) values ('2021-11-08', 37.3, 62);
insert into Health_Declarations (date, temp, eid) values ('2021-11-07', 37.1, 67);
insert into Health_Declarations (date, temp, eid) values ('2021-11-08', 37.1, 96);
insert into Health_Declarations (date, temp, eid) values ('2021-11-08', 37.1, 19);
insert into Health_Declarations (date, temp, eid) values ('2021-11-08', 36.2, 49);
insert into Health_Declarations (date, temp, eid) values ('2021-11-09', 36.5, 17);
insert into Health_Declarations (date, temp, eid) values ('2021-11-08', 36.8, 47);
insert into Health_Declarations (date, temp, eid) values ('2021-11-08', 36.8, 16);
insert into Health_Declarations (date, temp, eid) values ('2021-11-07', 36.8, 69);
insert into Health_Declarations (date, temp, eid) values ('2021-11-09', 36.4, 20);
insert into Health_Declarations (date, temp, eid) values ('2021-11-08', 36.0, 23);
insert into Health_Declarations (date, temp, eid) values ('2021-11-09', 36.9, 74);
insert into Health_Declarations (date, temp, eid) values ('2021-11-07', 36.7, 46);
insert into Health_Declarations (date, temp, eid) values ('2021-11-09', 37.0, 86);
insert into Health_Declarations (date, temp, eid) values ('2021-11-08', 37.2, 97);
insert into Health_Declarations (date, temp, eid) values ('2021-11-07', 36.8, 44);
insert into Health_Declarations (date, temp, eid) values ('2021-11-09', 37.3, 6);
insert into Health_Declarations (date, temp, eid) values ('2021-11-07', 36.8, 2);
insert into Health_Declarations (date, temp, eid) values ('2021-11-09', 37.3, 99);
insert into Health_Declarations (date, temp, eid) values ('2021-11-07', 36.9, 94);
insert into Health_Declarations (date, temp, eid) values ('2021-11-09', 37.4, 44);
insert into Health_Declarations (date, temp, eid) values ('2021-11-09', 36.8, 90);
insert into Health_Declarations (date, temp, eid) values ('2021-11-09', 36.4, 65);
insert into Health_Declarations (date, temp, eid) values ('2021-11-09', 36.3, 38);
insert into Health_Declarations (date, temp, eid) values ('2021-11-08', 37.3, 54);
insert into Health_Declarations (date, temp, eid) values ('2021-11-07', 36.7, 55);
insert into Health_Declarations (date, temp, eid) values ('2021-11-07', 37.3, 23);
insert into Health_Declarations (date, temp, eid) values ('2021-11-09', 37.2, 59);
insert into Health_Declarations (date, temp, eid) values ('2021-11-08', 36.4, 46);
insert into Health_Declarations (date, temp, eid) values ('2021-11-08', 37.4, 90);
insert into Health_Declarations (date, temp, eid) values ('2021-11-08', 36.8, 73);
insert into Health_Declarations (date, temp, eid) values ('2021-11-08', 36.5, 24);
insert into Health_Declarations (date, temp, eid) values ('2021-11-07', 37.3, 76);
insert into Health_Declarations (date, temp, eid) values ('2021-11-07', 37.3, 87);
insert into Health_Declarations (date, temp, eid) values ('2021-11-08', 37.2, 17);
insert into Health_Declarations (date, temp, eid) values ('2021-11-07', 37.3, 29);
insert into Health_Declarations (date, temp, eid) values ('2021-11-07', 37.0, 42);
insert into Health_Declarations (date, temp, eid) values ('2021-11-07', 36.2, 85);
