--departments
insert into departments (did, dname) values (1, 'd1');
insert into departments (did, dname) values (2, 'd2');
insert into departments (did, dname) values (3, 'd3');

--employees 16
insert into employees (eid, ename, email, resigned_date, did, contact, home_contact, office_contact) values (1, 'Sherlock Hallibone', '1@meta.com', null, 1, 95508558,67997854,61022049);
insert into employees (eid, ename, email, resigned_date, did, contact, home_contact, office_contact) values (2, 'Lexine Rollingson', '2@meta.com', null, 2, 83599237,67399614,60364666);
insert into employees (eid, ename, email, resigned_date, did, contact, home_contact, office_contact) values (3, 'Crysta Hovard', '3@meta.com', null, 3, 86198664,65052505,60390906);
insert into employees (eid, ename, email, resigned_date, did, contact, home_contact, office_contact) values (11, 'Ketti Costellow', '4@meta.com', null, 1, 80360632,64009631,60821344);
insert into employees (eid, ename, email, resigned_date, did, contact, home_contact, office_contact) values (12, 'Odele Castano', '5@meta.com', null, 1, 86680403,62393189,60340627);
insert into employees (eid, ename, email, resigned_date, did, contact, home_contact, office_contact) values (13, 'Brit Maulden', '6@meta.com', null, 1, 88053051,65511144,60346275);
insert into employees (eid, ename, email, resigned_date, did, contact, home_contact, office_contact) values (14, 'Hagen Casin', '7@meta.com', null, 2, 86644368,61233827,60949120);
insert into employees (eid, ename, email, resigned_date, did, contact, home_contact, office_contact) values (15, 'Rafferty Eubank', '8@meta.com', null, 2, 80037756,64674318,60435886);
insert into employees (eid, ename, email, resigned_date, did, contact, home_contact, office_contact) values (16, 'Arlen Coultous', '9@meta.com', null, 2, 84396287,61405675,60629608);
insert into employees (eid, ename, email, resigned_date, did, contact, home_contact, office_contact) values (17, 'Elfrieda Clendening', '10@meta.com', null, 3, 83620502,62772297,60688726);
insert into employees (eid, ename, email, resigned_date, did, contact, home_contact, office_contact) values (18, 'Tracie Skoyles', '11@meta.com', null, 3, 90347763,69459580,60438102);
insert into employees (eid, ename, email, resigned_date, did, contact, home_contact, office_contact) values (19, 'Umeko Forsyth', '12@meta.com', null, 3, 87229482,65617813,60996550);
insert into employees (eid, ename, email, resigned_date, did, contact, home_contact, office_contact) values (20, 'Josy Long', '13@meta.com', null, 1, 90026598,65992876,60509424);
insert into employees (eid, ename, email, resigned_date, did, contact, home_contact, office_contact) values (21, 'Gauthier Jandourek', '14@meta.com', null, 2, 93538026,61727758,60340840);
insert into employees (eid, ename, email, resigned_date, did, contact, home_contact, office_contact) values (22, 'Danie Vallens', '15@meta.com', null, 3, 96377129,64066415,60505755);
insert into employees (eid, ename, email, resigned_date, did, contact, home_contact, office_contact) values (23, 'Mathilde Tathacott', '16@meta.com', null, 1, 90578277,67835018,60727301);
insert into employees (eid, ename, email, resigned_date, did, contact, home_contact, office_contact) values (24, 'Florance Ivanisov', '17@meta.com', null, 2, 92000605,68292717,60330904);
insert into employees (eid, ename, email, resigned_date, did, contact, home_contact, office_contact) values (25, 'Cobb Ferrick', '18@meta.com', null, 3, 92490521,63255434,60145822);
insert into employees (eid, ename, email, resigned_date, did, contact, home_contact, office_contact) values (26, 'Scotty Reisk', '19@meta.com', null, 3, 82238997,62412804,60739029);
insert into employees (eid, ename, email, resigned_date, did, contact, home_contact, office_contact) values (27, 'Tiff Clinkard', '20@meta.com', null, 1, 91937531,67430360,60468748);
insert into employees (eid, ename, email, resigned_date, did, contact, home_contact, office_contact) values (28, 'Adelaide Langlands', '21@meta.com', '2021-03-21', 1, 80580970,67597107,60304063);
insert into employees (eid, ename, email, resigned_date, did, contact, home_contact, office_contact) values (29, 'Latia Howarth', '22@meta.com', null, 1, 99970190,69369345,60767417);
insert into employees (eid, ename, email, resigned_date, did, contact, home_contact, office_contact) values (30, 'Catharina Lampard', '23@meta.com', null, 1, 88822537,68806332,60995484);
insert into employees (eid, ename, email, resigned_date, did, contact, home_contact, office_contact) values (31, 'Verney Yurkin', '24@meta.com', null, 1, 80331098,67838491,60574287);
insert into employees (eid, ename, email, resigned_date, did, contact, home_contact, office_contact) values (32, 'Bernelle Farans', '25@meta.com', '2021-02-02', 2, 83027925,68000127,60536479);
insert into employees (eid, ename, email, resigned_date, did, contact, home_contact, office_contact) values (33, 'Barry Gardiner', '26@meta.com', null, 1, 84047059,68098480,60466667);
insert into employees (eid, ename, email, resigned_date, did, contact, home_contact, office_contact) values (34, 'Trever Yokley', '27@meta.com', null, 3, 80384085,69857437,60698830);

--juniors
insert into juniors(eid) values ( 11 );
insert into juniors(eid) values ( 12 );
insert into juniors(eid) values ( 13 );
insert into juniors(eid) values ( 14 );
insert into juniors(eid) values ( 15 );
insert into juniors(eid) values ( 16 );
insert into juniors(eid) values ( 17 );
insert into juniors(eid) values ( 18 );
insert into juniors(eid) values ( 19 );
insert into juniors(eid) values ( 23 );
insert into juniors(eid) values ( 25 );
insert into juniors(eid) values ( 26 );
insert into juniors(eid) values ( 27 );
insert into juniors(eid) values ( 28 );
insert into juniors(eid) values ( 29 );
insert into juniors(eid) values ( 30 );
insert into juniors(eid) values ( 31 );
insert into juniors(eid) values ( 32 );

--bookers
insert into Bookers(eid) values ( 1 );
insert into Bookers(eid) values ( 2 );
insert into Bookers(eid) values ( 3 );
insert into Bookers(eid) values ( 20 );
insert into Bookers(eid) values ( 21 );
insert into Bookers(eid) values ( 22 );
insert into Bookers(eid) values ( 24 );
insert into Bookers(eid) values ( 33 );
insert into Bookers(eid) values ( 34 );

--seniors
insert into Seniors(eid) values ( 20 );
insert into Seniors(eid) values ( 21 );
insert into Seniors(eid) values ( 22 );
insert into Seniors(eid) values ( 24 );
insert into Seniors(eid) values ( 33 );
insert into Seniors(eid) values ( 34 );

--managers
insert into Managers(eid) values ( 1 );
insert into Managers(eid) values ( 2 );
insert into Managers(eid) values ( 3 );

--meeting rooms
insert into Meeting_Rooms (room, floor, rname, did) values (1, 1, 'r1', 1);
insert into Meeting_Rooms (room, floor, rname, did) values (2, 1, 'r2', 2);
insert into Meeting_Rooms (room, floor, rname, did) values (3, 1, 'r3', 3);

--updates
insert into Updates (date, new_cap, room, floor, m_eid) values ('2021-01-01', 5, 1, 1, 1);
insert into Updates (date, new_cap, room, floor, m_eid) values ('2021-01-01', 5, 2, 1, 2);
insert into Updates (date, new_cap, room, floor, m_eid) values ('2021-01-01', 5, 3, 1, 3);

--health declarations on 2021/02/01
insert into Health_Declarations (date, temp, eid) values ('2021/02/01', 37.5, 1);
insert into Health_Declarations (date, temp, eid) values ('2021/02/01', 34.2, 2);
insert into Health_Declarations (date, temp, eid) values ('2021/02/01', 36.9, 3);
insert into Health_Declarations (date, temp, eid) values ('2021/02/01', 36.5, 11);
insert into Health_Declarations (date, temp, eid) values ('2021/02/01', 34.7, 12);
insert into Health_Declarations (date, temp, eid) values ('2021/02/01', 34.6, 13);
insert into Health_Declarations (date, temp, eid) values ('2021/02/01', 34.4, 14);
insert into Health_Declarations (date, temp, eid) values ('2021/02/01', 37.0, 15);
insert into Health_Declarations (date, temp, eid) values ('2021/02/01', 35.5, 16);
insert into Health_Declarations (date, temp, eid) values ('2021/02/01', 34.7, 17);
insert into Health_Declarations (date, temp, eid) values ('2021/02/01', 34.8, 18);
insert into Health_Declarations (date, temp, eid) values ('2021/02/01', 35.8, 19);
insert into Health_Declarations (date, temp, eid) values ('2021/02/01', 36.2, 20);
insert into Health_Declarations (date, temp, eid) values ('2021/02/01', 36.4, 21);
insert into Health_Declarations (date, temp, eid) values ('2021/02/01', 34.4, 22);
insert into Health_Declarations (date, temp, eid) values ('2021/02/01', 37.6, 23);
insert into Health_Declarations (date, temp, eid) values ('2021/02/01', 37.6, 24);
insert into Health_Declarations (date, temp, eid) values ('2021/02/01', 37.1, 25);
insert into Health_Declarations (date, temp, eid) values ('2021/02/01', 36.8, 26);
insert into Health_Declarations (date, temp, eid) values ('2021/02/01', 36.5, 27);
insert into Health_Declarations (date, temp, eid) values ('2021/02/01', 36.5, 28);
insert into Health_Declarations (date, temp, eid) values ('2021/02/01', 36.5, 29);
insert into Health_Declarations (date, temp, eid) values ('2021/02/01', 36.5, 30);
insert into Health_Declarations (date, temp, eid) values ('2021/02/01', 36.5, 31);
insert into Health_Declarations (date, temp, eid) values ('2021/02/01', 36.5, 32);
insert into Health_Declarations (date, temp, eid) values ('2021/02/01', 36.5, 33);
insert into Health_Declarations (date, temp, eid) values ('2021/02/01', 36.5, 34);

--health declarations on 2021/02/02
insert into Health_Declarations (date, temp, eid) values ('2021/02/02', 37.5, 1);
insert into Health_Declarations (date, temp, eid) values ('2021/02/02', 34.2, 2);
insert into Health_Declarations (date, temp, eid) values ('2021/02/02', 36.9, 3);
insert into Health_Declarations (date, temp, eid) values ('2021/02/02', 36.5, 11);
insert into Health_Declarations (date, temp, eid) values ('2021/02/02', 34.7, 12);
insert into Health_Declarations (date, temp, eid) values ('2021/02/02', 34.6, 13);
insert into Health_Declarations (date, temp, eid) values ('2021/02/02', 34.4, 14);
insert into Health_Declarations (date, temp, eid) values ('2021/02/02', 37.0, 15);
insert into Health_Declarations (date, temp, eid) values ('2021/02/02', 35.5, 16);
insert into Health_Declarations (date, temp, eid) values ('2021/02/02', 34.7, 17);
insert into Health_Declarations (date, temp, eid) values ('2021/02/02', 34.8, 18);
insert into Health_Declarations (date, temp, eid) values ('2021/02/02', 35.8, 19);
insert into Health_Declarations (date, temp, eid) values ('2021/02/02', 36.2, 20);
insert into Health_Declarations (date, temp, eid) values ('2021/02/02', 36.4, 21);
insert into Health_Declarations (date, temp, eid) values ('2021/02/02', 34.4, 22);
insert into Health_Declarations (date, temp, eid) values ('2021/02/02', 37.6, 23);
insert into Health_Declarations (date, temp, eid) values ('2021/02/02', 37.6, 24);
insert into Health_Declarations (date, temp, eid) values ('2021/02/02', 37.1, 25);
insert into Health_Declarations (date, temp, eid) values ('2021/02/02', 36.8, 26);
insert into Health_Declarations (date, temp, eid) values ('2021/02/02', 36.5, 27);
insert into Health_Declarations (date, temp, eid) values ('2021/02/02', 36.5, 28);
insert into Health_Declarations (date, temp, eid) values ('2021/02/02', 36.5, 29);
insert into Health_Declarations (date, temp, eid) values ('2021/02/02', 36.5, 30);
insert into Health_Declarations (date, temp, eid) values ('2021/02/02', 36.5, 31);
insert into Health_Declarations (date, temp, eid) values ('2021/02/02', 36.5, 33);
insert into Health_Declarations (date, temp, eid) values ('2021/02/02', 36.5, 34);

--health declarations on 2021/02/03
insert into Health_Declarations (date, temp, eid) values ('2021/02/03', 37.5, 1);
insert into Health_Declarations (date, temp, eid) values ('2021/02/03', 34.2, 2);
insert into Health_Declarations (date, temp, eid) values ('2021/02/03', 36.9, 3);
insert into Health_Declarations (date, temp, eid) values ('2021/02/03', 36.5, 11);
insert into Health_Declarations (date, temp, eid) values ('2021/02/03', 34.7, 12);
insert into Health_Declarations (date, temp, eid) values ('2021/02/03', 34.6, 13);
insert into Health_Declarations (date, temp, eid) values ('2021/02/03', 34.4, 14);
insert into Health_Declarations (date, temp, eid) values ('2021/02/03', 37.0, 15);
insert into Health_Declarations (date, temp, eid) values ('2021/02/03', 35.5, 16);
insert into Health_Declarations (date, temp, eid) values ('2021/02/03', 34.7, 17);
insert into Health_Declarations (date, temp, eid) values ('2021/02/03', 34.8, 18);
insert into Health_Declarations (date, temp, eid) values ('2021/02/03', 35.8, 19);
insert into Health_Declarations (date, temp, eid) values ('2021/02/03', 36.2, 20);
insert into Health_Declarations (date, temp, eid) values ('2021/02/03', 36.4, 21);
insert into Health_Declarations (date, temp, eid) values ('2021/02/03', 34.4, 22);
insert into Health_Declarations (date, temp, eid) values ('2021/02/03', 37.6, 23);
insert into Health_Declarations (date, temp, eid) values ('2021/02/03', 37.6, 24);
insert into Health_Declarations (date, temp, eid) values ('2021/02/03', 37.1, 25);
insert into Health_Declarations (date, temp, eid) values ('2021/02/03', 36.8, 26);
insert into Health_Declarations (date, temp, eid) values ('2021/02/03', 36.5, 27);
insert into Health_Declarations (date, temp, eid) values ('2021/02/03', 36.5, 28);
insert into Health_Declarations (date, temp, eid) values ('2021/02/03', 36.5, 29);
insert into Health_Declarations (date, temp, eid) values ('2021/02/03', 36.5, 30);
insert into Health_Declarations (date, temp, eid) values ('2021/02/03', 36.5, 31);
insert into Health_Declarations (date, temp, eid) values ('2021/02/03', 36.5, 33);
insert into Health_Declarations (date, temp, eid) values ('2021/02/03', 36.5, 34);

--health declarations on 2021/02/04
insert into Health_Declarations (date, temp, eid) values ('2021/02/04', 37.5, 1);
insert into Health_Declarations (date, temp, eid) values ('2021/02/04', 34.2, 2);
insert into Health_Declarations (date, temp, eid) values ('2021/02/04', 36.9, 3);
insert into Health_Declarations (date, temp, eid) values ('2021/02/04', 36.5, 11);
insert into Health_Declarations (date, temp, eid) values ('2021/02/04', 34.7, 12);
insert into Health_Declarations (date, temp, eid) values ('2021/02/04', 34.6, 13);
insert into Health_Declarations (date, temp, eid) values ('2021/02/04', 34.4, 14);
insert into Health_Declarations (date, temp, eid) values ('2021/02/04', 37.0, 15);
insert into Health_Declarations (date, temp, eid) values ('2021/02/04', 35.5, 16);
insert into Health_Declarations (date, temp, eid) values ('2021/02/04', 34.7, 17);
insert into Health_Declarations (date, temp, eid) values ('2021/02/04', 34.8, 18);
insert into Health_Declarations (date, temp, eid) values ('2021/02/04', 35.8, 19);
insert into Health_Declarations (date, temp, eid) values ('2021/02/04', 36.2, 20);
insert into Health_Declarations (date, temp, eid) values ('2021/02/04', 36.4, 21);
insert into Health_Declarations (date, temp, eid) values ('2021/02/04', 34.4, 22);
insert into Health_Declarations (date, temp, eid) values ('2021/02/04', 37.6, 23);
insert into Health_Declarations (date, temp, eid) values ('2021/02/04', 37.6, 24);
insert into Health_Declarations (date, temp, eid) values ('2021/02/04', 37.1, 25);
insert into Health_Declarations (date, temp, eid) values ('2021/02/04', 36.8, 26);
insert into Health_Declarations (date, temp, eid) values ('2021/02/04', 36.5, 27);
insert into Health_Declarations (date, temp, eid) values ('2021/02/04', 36.5, 28);
insert into Health_Declarations (date, temp, eid) values ('2021/02/04', 36.5, 29);
insert into Health_Declarations (date, temp, eid) values ('2021/02/04', 36.5, 30);
insert into Health_Declarations (date, temp, eid) values ('2021/02/04', 36.5, 31);
insert into Health_Declarations (date, temp, eid) values ('2021/02/04', 36.5, 33);
insert into Health_Declarations (date, temp, eid) values ('2021/02/04', 36.5, 34);

--health declarations on 2021/02/05
insert into Health_Declarations (date, temp, eid) values ('2021/02/05', 37.5, 1);
insert into Health_Declarations (date, temp, eid) values ('2021/02/05', 34.2, 2);
insert into Health_Declarations (date, temp, eid) values ('2021/02/05', 36.9, 3);
insert into Health_Declarations (date, temp, eid) values ('2021/02/05', 36.5, 11);
insert into Health_Declarations (date, temp, eid) values ('2021/02/05', 34.7, 12);
insert into Health_Declarations (date, temp, eid) values ('2021/02/05', 34.6, 13);
insert into Health_Declarations (date, temp, eid) values ('2021/02/05', 34.4, 14);
insert into Health_Declarations (date, temp, eid) values ('2021/02/05', 37.0, 15);
insert into Health_Declarations (date, temp, eid) values ('2021/02/05', 35.5, 16);
insert into Health_Declarations (date, temp, eid) values ('2021/02/05', 34.7, 17);
insert into Health_Declarations (date, temp, eid) values ('2021/02/05', 34.8, 18);
insert into Health_Declarations (date, temp, eid) values ('2021/02/05', 35.8, 19);
insert into Health_Declarations (date, temp, eid) values ('2021/02/05', 36.2, 20);
insert into Health_Declarations (date, temp, eid) values ('2021/02/05', 36.4, 21);
insert into Health_Declarations (date, temp, eid) values ('2021/02/05', 34.4, 22);
insert into Health_Declarations (date, temp, eid) values ('2021/02/05', 37.6, 23);
insert into Health_Declarations (date, temp, eid) values ('2021/02/05', 37.6, 24);
insert into Health_Declarations (date, temp, eid) values ('2021/02/05', 37.1, 25);
insert into Health_Declarations (date, temp, eid) values ('2021/02/05', 36.8, 26);
insert into Health_Declarations (date, temp, eid) values ('2021/02/05', 36.5, 27);
insert into Health_Declarations (date, temp, eid) values ('2021/02/05', 36.5, 28);
insert into Health_Declarations (date, temp, eid) values ('2021/02/05', 36.5, 29);
insert into Health_Declarations (date, temp, eid) values ('2021/02/05', 36.5, 30);
insert into Health_Declarations (date, temp, eid) values ('2021/02/05', 36.5, 31);
insert into Health_Declarations (date, temp, eid) values ('2021/02/05', 36.5, 33);
insert into Health_Declarations (date, temp, eid) values ('2021/02/05', 36.5, 34);

--health declarations on 2021/02/06
insert into Health_Declarations (date, temp, eid) values ('2021/02/06', 37.5, 1);
insert into Health_Declarations (date, temp, eid) values ('2021/02/06', 34.2, 2);
insert into Health_Declarations (date, temp, eid) values ('2021/02/06', 36.9, 3);
insert into Health_Declarations (date, temp, eid) values ('2021/02/06', 36.5, 11);
insert into Health_Declarations (date, temp, eid) values ('2021/02/06', 34.7, 12);
insert into Health_Declarations (date, temp, eid) values ('2021/02/06', 34.6, 13);
insert into Health_Declarations (date, temp, eid) values ('2021/02/06', 34.4, 14);
insert into Health_Declarations (date, temp, eid) values ('2021/02/06', 37.0, 15);
insert into Health_Declarations (date, temp, eid) values ('2021/02/06', 35.5, 16);
insert into Health_Declarations (date, temp, eid) values ('2021/02/06', 34.7, 17);
insert into Health_Declarations (date, temp, eid) values ('2021/02/06', 34.8, 18);
insert into Health_Declarations (date, temp, eid) values ('2021/02/06', 35.8, 19);
insert into Health_Declarations (date, temp, eid) values ('2021/02/06', 36.2, 20);
insert into Health_Declarations (date, temp, eid) values ('2021/02/06', 36.4, 21);
insert into Health_Declarations (date, temp, eid) values ('2021/02/06', 34.4, 22);
insert into Health_Declarations (date, temp, eid) values ('2021/02/06', 37.6, 23);
insert into Health_Declarations (date, temp, eid) values ('2021/02/06', 37.6, 24);
insert into Health_Declarations (date, temp, eid) values ('2021/02/06', 37.1, 25);
insert into Health_Declarations (date, temp, eid) values ('2021/02/06', 36.8, 26);
insert into Health_Declarations (date, temp, eid) values ('2021/02/06', 36.5, 27);
insert into Health_Declarations (date, temp, eid) values ('2021/02/06', 36.5, 28);
insert into Health_Declarations (date, temp, eid) values ('2021/02/06', 36.5, 29);
insert into Health_Declarations (date, temp, eid) values ('2021/02/06', 36.5, 30);
insert into Health_Declarations (date, temp, eid) values ('2021/02/06', 36.5, 31);
insert into Health_Declarations (date, temp, eid) values ('2021/02/06', 36.5, 33);
insert into Health_Declarations (date, temp, eid) values ('2021/02/06', 36.5, 34);

--health declarations on 2021/02/07
insert into Health_Declarations (date, temp, eid) values ('2021/02/07', 37.5, 1);
insert into Health_Declarations (date, temp, eid) values ('2021/02/07', 34.2, 2);
insert into Health_Declarations (date, temp, eid) values ('2021/02/07', 36.9, 3);
insert into Health_Declarations (date, temp, eid) values ('2021/02/07', 36.5, 11);
insert into Health_Declarations (date, temp, eid) values ('2021/02/07', 34.7, 12);
insert into Health_Declarations (date, temp, eid) values ('2021/02/07', 34.6, 13);
insert into Health_Declarations (date, temp, eid) values ('2021/02/07', 34.4, 14);
insert into Health_Declarations (date, temp, eid) values ('2021/02/07', 37.0, 15);
insert into Health_Declarations (date, temp, eid) values ('2021/02/07', 35.5, 16);
insert into Health_Declarations (date, temp, eid) values ('2021/02/07', 34.7, 17);
insert into Health_Declarations (date, temp, eid) values ('2021/02/07', 34.8, 18);
insert into Health_Declarations (date, temp, eid) values ('2021/02/07', 35.8, 19);
insert into Health_Declarations (date, temp, eid) values ('2021/02/07', 36.2, 20);
insert into Health_Declarations (date, temp, eid) values ('2021/02/07', 36.4, 21);
insert into Health_Declarations (date, temp, eid) values ('2021/02/07', 34.4, 22);
insert into Health_Declarations (date, temp, eid) values ('2021/02/07', 37.6, 23);
insert into Health_Declarations (date, temp, eid) values ('2021/02/07', 37.6, 24);
insert into Health_Declarations (date, temp, eid) values ('2021/02/07', 37.1, 25);
insert into Health_Declarations (date, temp, eid) values ('2021/02/07', 36.8, 26);
insert into Health_Declarations (date, temp, eid) values ('2021/02/07', 36.5, 27);
insert into Health_Declarations (date, temp, eid) values ('2021/02/07', 36.5, 28);
insert into Health_Declarations (date, temp, eid) values ('2021/02/07', 36.5, 29);
insert into Health_Declarations (date, temp, eid) values ('2021/02/07', 36.5, 30);
insert into Health_Declarations (date, temp, eid) values ('2021/02/07', 36.5, 31);
insert into Health_Declarations (date, temp, eid) values ('2021/02/07', 36.5, 33);
insert into Health_Declarations (date, temp, eid) values ('2021/02/07', 36.5, 34);

--health declarations on 2021/02/08
insert into Health_Declarations (date, temp, eid) values ('2021/02/08', 37.5, 1);
insert into Health_Declarations (date, temp, eid) values ('2021/02/08', 34.2, 2);
insert into Health_Declarations (date, temp, eid) values ('2021/02/08', 36.9, 3);
insert into Health_Declarations (date, temp, eid) values ('2021/02/08', 36.5, 11);
insert into Health_Declarations (date, temp, eid) values ('2021/02/08', 34.7, 12);
insert into Health_Declarations (date, temp, eid) values ('2021/02/08', 34.6, 13);
insert into Health_Declarations (date, temp, eid) values ('2021/02/08', 34.4, 14);
insert into Health_Declarations (date, temp, eid) values ('2021/02/08', 37.0, 15);
insert into Health_Declarations (date, temp, eid) values ('2021/02/08', 35.5, 16);
insert into Health_Declarations (date, temp, eid) values ('2021/02/08', 34.7, 17);
insert into Health_Declarations (date, temp, eid) values ('2021/02/08', 34.8, 18);
insert into Health_Declarations (date, temp, eid) values ('2021/02/08', 35.8, 19);
insert into Health_Declarations (date, temp, eid) values ('2021/02/08', 36.2, 20);
insert into Health_Declarations (date, temp, eid) values ('2021/02/08', 36.4, 21);
insert into Health_Declarations (date, temp, eid) values ('2021/02/08', 34.4, 22);
insert into Health_Declarations (date, temp, eid) values ('2021/02/08', 37.6, 23);
insert into Health_Declarations (date, temp, eid) values ('2021/02/08', 37.6, 24);
insert into Health_Declarations (date, temp, eid) values ('2021/02/08', 37.1, 25);
insert into Health_Declarations (date, temp, eid) values ('2021/02/08', 36.8, 26);
insert into Health_Declarations (date, temp, eid) values ('2021/02/08', 36.5, 27);
insert into Health_Declarations (date, temp, eid) values ('2021/02/08', 36.5, 28);
insert into Health_Declarations (date, temp, eid) values ('2021/02/08', 36.5, 29);
insert into Health_Declarations (date, temp, eid) values ('2021/02/08', 36.5, 30);
insert into Health_Declarations (date, temp, eid) values ('2021/02/08', 36.5, 31);
insert into Health_Declarations (date, temp, eid) values ('2021/02/08', 36.5, 33);
insert into Health_Declarations (date, temp, eid) values ('2021/02/08', 36.5, 34);

--health declarations on 2021/02/09
insert into Health_Declarations (date, temp, eid) values ('2021/02/09', 37.5, 1);
insert into Health_Declarations (date, temp, eid) values ('2021/02/09', 34.2, 2);
insert into Health_Declarations (date, temp, eid) values ('2021/02/09', 36.9, 3);
insert into Health_Declarations (date, temp, eid) values ('2021/02/09', 36.5, 11);
insert into Health_Declarations (date, temp, eid) values ('2021/02/09', 34.7, 12);
insert into Health_Declarations (date, temp, eid) values ('2021/02/09', 34.6, 13);
insert into Health_Declarations (date, temp, eid) values ('2021/02/09', 34.4, 14);
insert into Health_Declarations (date, temp, eid) values ('2021/02/09', 37.0, 15);
insert into Health_Declarations (date, temp, eid) values ('2021/02/09', 35.5, 16);
insert into Health_Declarations (date, temp, eid) values ('2021/02/09', 34.7, 17);
insert into Health_Declarations (date, temp, eid) values ('2021/02/09', 34.8, 18);
insert into Health_Declarations (date, temp, eid) values ('2021/02/09', 35.8, 19);
insert into Health_Declarations (date, temp, eid) values ('2021/02/09', 36.2, 20);
insert into Health_Declarations (date, temp, eid) values ('2021/02/09', 36.4, 21);
insert into Health_Declarations (date, temp, eid) values ('2021/02/09', 34.4, 22);
insert into Health_Declarations (date, temp, eid) values ('2021/02/09', 37.6, 23);
insert into Health_Declarations (date, temp, eid) values ('2021/02/09', 37.6, 24);
insert into Health_Declarations (date, temp, eid) values ('2021/02/09', 37.1, 25);
insert into Health_Declarations (date, temp, eid) values ('2021/02/09', 36.8, 26);
insert into Health_Declarations (date, temp, eid) values ('2021/02/09', 36.5, 27);
insert into Health_Declarations (date, temp, eid) values ('2021/02/09', 36.5, 28);
insert into Health_Declarations (date, temp, eid) values ('2021/02/09', 36.5, 29);
insert into Health_Declarations (date, temp, eid) values ('2021/02/09', 36.5, 30);
insert into Health_Declarations (date, temp, eid) values ('2021/02/09', 36.5, 31);
insert into Health_Declarations (date, temp, eid) values ('2021/02/09', 36.5, 33);
insert into Health_Declarations (date, temp, eid) values ('2021/02/09', 36.5, 34);

--book sessions
insert into Sessions (time, date, room, floor, b_eid) values (9, '2021-02-02', 2, 1, 21);
insert into Sessions (time, date, room, floor, b_eid) values (9, '2021-02-09', 1, 1, 20);
insert into Sessions (time, date, room, floor, b_eid) values (10, '2021-02-09', 2, 1, 21);
insert into Sessions (time, date, room, floor, b_eid) values (11, '2021-02-09', 3, 1, 22);

--sick employee attempts to join a session
insert into Joins (time, date, room, floor, b_eid, e_eid) values (9, '2021-02-09', 1, 1, 20, 23);

--join
insert into Joins (time, date, room, floor, b_eid, e_eid) values (9, '2021-02-02', 2, 1, 21, 14);
insert into Joins (time, date, room, floor, b_eid, e_eid) values (11, '2021-02-09', 3, 1, 22, 25);
insert into Joins (time, date, room, floor, b_eid, e_eid) values (9, '2021-02-09', 1, 1, 20, 27);
insert into Joins (time, date, room, floor, b_eid, e_eid) values (9, '2021-02-09', 1, 1, 20, 28);
insert into Joins (time, date, room, floor, b_eid, e_eid) values (9, '2021-02-09', 1, 1, 20, 29);
insert into Joins (time, date, room, floor, b_eid, e_eid) values (9, '2021-02-09', 1, 1, 20, 30);

--sick booker attempts to book a session
insert into Sessions (time, date, room, floor, b_eid) values (14, '2021-02-09', 2, 1, 24);

--booker is removed
delete from Joins where e_eid = 21;

--approve
insert into Approves (time, date, room, floor, b_eid, m_eid) values (11, '2021-02-09', 3, 1, 22, 3);

--employee attempts to join approved session
insert into Joins (time, date, room, floor, b_eid, e_eid) values (11, '2021-02-09', 3, 1, 22, 26);

--employee attempts to join full session
insert into Joins (time, date, room, floor, b_eid, e_eid) values (9, '2021-02-09', 1, 1, 20, 31);

--resigned employee attempts to join session
insert into Joins (time, date, room, floor, b_eid, e_eid) values (10, '2021-02-09', 2, 1, 21, 32);

--book overlapping sessions (other unapproved)
insert into Sessions (time, date, room, floor, b_eid) values (9, '2021-02-09', 1, 1, 33);

--book overlapping sessions (other approved)
insert into Sessions (time, date, room, floor, b_eid) values (11, '2021-02-09', 3, 1, 34);

--attempt to delete sessions without first clearing corresponding joins
delete from sessions where time = 10 AND date = '2021-02-09' AND room = 2 AND floor = 1 AND b_eid = 21;
